[
// Player Tags
  // Player 1
  {
    "name": "Player 1",
    "type": "static",
    "img": "images/p1.png",
    "codes": "p1"
  },

  // Player 2
  {
    "name": "Player 2",
    "type": "static",
    "img": "images/p2.png",
    "codes": "p2"
  },

  // Player 3
  {
    "name": "Player 3",
    "type": "static",
    "img": "images/p3.png",
    "codes": "p3"
  },

  // Player 4
  {
    "name": "Player 4",
    "type": "static",
    "img": "images/p4.png",
    "codes": "p4"
  },



// Player 1 Items
  // Chess Pieces
  {
    "name": "Chess Pieces",
    "type": "consumable",
    "img": "images/king.png",
    "codes": "chess",
    "max_quantity": 4
  },

  // Bishop Plug
  {
    "name": "Bishop Plug",
    "type": "toggle",
    "img": "images/bishop.png",
    "codes": "bishop"
  },

  // King Plug
  {
    "name": "King Plug",
    "type": "toggle",
    "img": "images/king.png",
    "codes": "king"
  },

  // Bishop and Knight Plugs
  {
    "name": "Bishop and Knight Plugs",
    "type": "composite_toggle",
    "codes": "bkplugs",
    "item_left": "bishop",
    "item_right": "king",
    "images": [
      {
        "left": false,
        "right": false,
        "img": "images/bkoff.png"
      },
      {
        "left": true,
        "right": false,
        "img": "images/bishopon.png"
      },
      {
        "left": false,
        "right": true,
        "img": "images/kingon.png"
      },
      {
        "left": true,
        "right": true,
        "img": "images/bkon.png"
      }
    ]
  },

  // Knight Plug
  {
    "name": "Knight Plug",
    "type": "toggle",
    "img": "images/knight.png",
    "codes": "knight"
  },

  // Rook Plug
  {
    "name": "Rook Plug",
    "type": "toggle",
    "img": "images/rook.png",
    "codes": "rook"
  },

  // Knight and Rook Plugs
  {
    "name": "Knight and Rook Plugs",
    "type": "composite_toggle",
    "codes": "krplugs",
    "item_left": "knight",
    "item_right": "rook",
    "images": [
      {
        "left": false,
        "right": false,
        "img": "images/kroff.png"
      },
      {
        "left": true,
        "right": false,
        "img": "images/knighton.png"
      },
      {
        "left": false,
        "right": true,
        "img": "images/rookon.png"
      },
      {
        "left": true,
        "right": true,
        "img": "images/kron.png"
      }
    ]
  },

  // Red Jewel
  {
    "name": "Red Jewels",
    "type": "consumable",
    "img": "images/jewel.png",
    "codes": "jewel",
    "max_quantity": 2
  },

  // Small Keys
  {
    "name": "Small Keys",
    "type": "consumable",
    "img": "images/smallkey.png",
    "codes": "smallkey",
    "max_quantity": 3
  },

  // Film
  {
    "name": "Film",
    "type": "consumable",
    "img": "images/film.png",
    "codes": "film",
    "max_quantity": 4
  },
  
  // Valve Handle
  {
    "name": "Valve Handle",
    "type": "toggle",
    "img": "images/valve.png",
    "codes": "valve"
  },

  // Weapon Box Key
  {
    "name": "Weapon Box Key",
    "type": "toggle",
    "img": "images/wbox.png",
    "codes": "wbox"
  },

  // Crank
  {
    "name": "Crank",
    "type": "toggle",
    "img": "images/crank.png",
    "codes": "crank"
  },

  // Unicorn Medal
  {
    "name": "Unicorn Medal",
    "type": "toggle",
    "img": "images/unicorn.png",
    "codes": "unicorn"
  },

  // Cog
  {
    "name": "Cog",
    "type": "toggle",
    "img": "images/cog.png",
    "codes": "cog"
  },
  
  // Manhook
  {
    "name": "Manhook",
    "type": "toggle",
    "img": "images/manhook.png",
    "codes": "manhook"
  },  

  // Main Fuse
  {
    "name": "Main Fuse",
    "capturable": false,
    "type": "toggle",
    "img": "images/fuse.png",
    "codes": "fuse"
  },

  // Elevator Key
  {
    "name": "Elevator Key",
    "type": "toggle",
    "img": "images/trainkey.png",
    "codes": "Dkey,Ukey"
  },

  // Lab Key
  {
    "name": "Lab Key",
    "type": "toggle",
    "img": "images/labkey.png",
    "codes": "labkey"
  },

  // Lab Card
  {
    "name": "Lab Card",
    "type": "toggle",
    "img": "images/labcard.png",
    "codes": "labcard"
  },

  // MO Disk
  {
    "name": "MO Disk",
    "type": "toggle",
    "img": "images/modisk.png",
    "codes": "modisk"
  },

  // Platform Key
  {
    "name": "Platform Key",
    "type": "toggle",
    "img": "images/platform.png",
    "codes": "platform"
  },

  // Spade Key
  {
    "name": "Spade Key",
    "type": "toggle",
    "img": "images/spade.png",
    "codes": "spade"
  },

  // Diamond Key
  {
    "name": "Diamond Key",
    "type": "toggle",
    "img": "images/diamond.png",
    "codes": "diamond"
  },

  // Heart Key
  {
    "name": "Heart Key",
    "type": "toggle",
    "img": "images/heart.png",
    "codes": "heart"
  },

  // Club Key
  {
    "name": "Club Key",
    "type": "toggle",
    "img": "images/club.png",
    "codes": "club"
  },

  // RPD Blue Card
  {
    "name": "Blue Card",
    "type": "toggle",
    "img": "images/bluecard.png",
    "codes": "bluecard"
  },

  // RPD Red Card
  {
    "name": "Red Card",
    "type": "toggle",
    "img": "images/redcard.png",
    "codes": "redcard"
  },

  // RPD Card Keys
  {
    "name": "RPD Card Keys",
    "type": "composite_toggle",
    "codes": "cardkey",
    "item_left": "bluecard",
    "item_right": "redcard",
    "images": [
      {
        "left": false,
        "right": false,
        "img": "images/blueredcardoff.png"
      },
      {
        "left": true,
        "right": false,
        "img": "images/bluecardon.png"
      },
      {
        "left": false,
        "right": true,
        "img": "images/redcardon.png"
      },
      {
        "left": true,
        "right": true,
        "img": "images/blueredcard.png"
      }
    ]
  },

  // Eagle Medal
  {
    "name": "Eagle Medal",
    "type": "toggle",
    "img": "images/eagle.png",
    "codes": "eagle"
  },

  // Wolf Medal
  {
    "name": "Wolf Medal",
    "type": "toggle",
    "img": "images/wolf.png",
    "codes": "wolf"
  },

  // Sewer Medals
  {
    "name": "Sewer Medals",
    "type": "composite_toggle",
    "codes": "medals",
    "item_left": "eagle",
    "item_right": "wolf",
    "images": [
      {
        "left": false,
        "right": false,
        "img": "images/eaglewolfoff.png"
      },
      {
        "left": true,
        "right": false,
        "img": "images/eagleon.png"
      },
      {
        "left": false,
        "right": true,
        "img": "images/wolfon.png"
      },
      {
        "left": true,
        "right": true,
        "img": "images/eaglewolf.png"
      }
    ]
  },

  // Blue Plug
  {
    "name": "Blue Plug",
    "type": "toggle",
    "img": "images/blueplug.png",
    "codes": "blueplug"
  },

  // Red Plug
  {
    "name": "Red Plug",
    "type": "toggle",
    "img": "images/redplug.png",
    "codes": "redplug"
  },

  // S/N Plugs
  {
    "name": "S/N Plugs",
    "type": "composite_toggle",
    "codes": "plugs",
    "item_left": "blueplug",
    "item_right": "redplug",
    "images": [
      {
        "left": false,
        "right": false,
        "img": "images/plugsoff.png"
      },
      {
        "left": true,
        "right": false,
        "img": "images/blueplugon.png"
      },
      {
        "left": false,
        "right": true,
        "img": "images/redplugon.png"
      },
      {
        "left": true,
        "right": true,
        "img": "images/plugson.png"
      }
    ]
  },

  // Handgun
  {
    "name": "Handgun",
    "type": "progressive",
    "allow_disabled": false,
    "stages": [
      {
        "img": "images/handgun.png",
        "codes": "handgun"
      },
      {
        "img": "images/handgun_c.png",
        "codes": "handgun,customhandgun"
      }
      ]
  },

  // Shotgun
  {
    "name": "Shotgun",
    "type": "toggle",
    "img": "images/shotgun.png",
    "codes": "sg"
  },

  // Shotgun Parts
  {
    "name": "Shotgun Parts",
    "type": "toggle",
    "img": "images/sgparts.png",
    "codes": "sgparts"
  },

  // Composite Shotgun
  {
    "name": "Shotgun",
    "type": "composite_toggle",
    "codes": "shotgun",
    "item_left": "sg",
    "item_right": "sgparts",
    "images": [
      {
        "left": false,
        "right": false,
        "img": "images/sgoff.png"
      },
      {
        "left": true,
        "right": false,
        "img": "images/shotgun.png"
      },
      {
        "left": false,
        "right": true,
        "img": "images/sgparts.png"
      },
      {
        "left": true,
        "right": true,
        "img": "images/shotgun_c.png"
      }
    ]
  },

  // Magnum
  {
    "name": "Magnum",
    "type": "toggle",
    "img": "images/magnum.png",
    "codes": "mag"
  },

  // Magnum Parts
  {
    "name": "Magnum Parts",
    "type": "toggle",
    "img": "images/magparts.png",
    "codes": "magparts"
  },

  // Composite Magnum
  {
    "name": "Magnum",
    "type": "composite_toggle",
    "codes": "magnum",
    "item_left": "mag",
    "item_right": "magparts",
    "images": [
      {
        "left": false,
        "right": false,
        "img": "images/magoff.png"
      },
      {
        "left": true,
        "right": false,
        "img": "images/magnum.png"
      },
      {
        "left": false,
        "right": true,
        "img": "images/magparts.png"
      },
      {
        "left": true,
        "right": true,
        "img": "images/magnum_c.png"
      }
    ]
  },

  // Knife
  {
    "name": "Knife",
    "type": "static",
    "img": "images/knife.png",
    "codes": "knife"
  },

  // Sub Machine Gun
  {
    "name": "Sub Machine Gun",
    "type": "toggle",
    "img": "images/smg.png",
    "codes": "smg"
  },

  // Flamethrower
  {
    "name": "Flamethrower",
    "type": "toggle",
    "img": "images/flamethrower.png",
    "codes": "flamethrower"
  },

  // Rocket Launcher
  {
    "name": "Rocket Launcher",
    "type": "toggle",
    "img": "images/rocket.png",
    "codes": "rocket"
  }
]