﻿{
  "shared_item_grid": {
    "type": "itemgrid",
    "h_alignment": "center",
    "item_margin": "4,4",
    "item_height": 68,
    "item_width": 108,
    "rows": [
      [
        "knife",
        "handgun",
        "shotgun_comp",
        "magnum_comp"
      ],
      [
        "smg",
        "flamethrower",
        "rocket",
        "film"
      ],
      [
        "spade",
        "diamond",
        "heart",
        "club"
      ],
      [
        "valve",
        "smallkey",
        "bluecard",
        "redcard"
      ],
      [
        "unicorn",
        "jewel",
        "crank",
        "cog"
      ],
      [
        "bishop",
        "king",
        "knight",
        "rook"
      ],
      [
        "manhook",
        "eagle",
        "wolf",
        "Dkey"
      ],
      [
        "wbox",
        "fuse",
        "labkey",
        "labcard"
      ],
      [
        "modisk",
        "platform",
        "blueplug",
        "redplug"
      ]
    ]
  },
  "tracker_capture_item": {
    "type": "container",
    "content": {
      "type": "layout",
      "key": "shared_item_grid"
    }
  },
  "tracker_default": {
    "type": "container",
    "width": 500,
    //"height": 500,
    "background": "#000040",
    "content": {
      "dropshadow": false,
      "margin": 5,
      "type": "layout",
      "key": "shared_item_grid"
    }
  }
}