﻿[
  // Handgun
  {
    "name": "Handgun",
    "type": "toggle",
    "img": "images/handgun.png",
    "codes": "handgun,hg"
  },

  // Survival Knife
  {
    "name": "Knife",
    "type": "progressive",
    "allow_disabled": false,
    "stages": [
      {
        "img": "images/survivalknife.png",
        "codes": "knife"
      },
      {
        "img": "images/survivalknife.png",
        "codes": "knife2"
      }
      ]
  },

  // Shotgun
  {
    "name": "Shotgun",
    "type": "progressive",
    "stages": [
      {
        "img": "images/shotgun-broken.png",
        "codes": "brokenshotgun,brokensg,bsg"
      },
      {
        "img": "images/shotgun.png",
        "codes": "shotgun,sg"
      }
    ]
  },

  // Assault Shotgun
  {
    "name": "Assault Shotgun",
    "type": "toggle",
    "img": "images/shotgun-assault.png",
    "codes": "assaultshotgun,asg,assault"
  },

  // Grenade Launcher
  {
    "name": "Grenade Launcher",
    "type": "toggle",
    "img": "images/grenadelauncher.png",
    "codes": "grenadelauncher,glauncher,gl"
  },

  // Magnum
  {
    "name": "Magnum",
    "type": "toggle",
    "img": "images/magnumrevolver.png",
    "codes": "magnum,mag"
  },

  // Self Defense Gun
  {
    "name": "Self Defense Gun",
    "type": "toggle",
    "img": "images/selfdefensegun.png",
    "codes": "selfdefensegun,sdg,selfdefgun"
  },
  
  // Rocket Launcher
  {
    "name": "Rocket Launcher",
    "type": "toggle",
    "img": "images/rocket.png",
    "codes": "rl,rocket,rocketlauncher,rlauncher"
  },  

  // Go-Mode
  {
    "name": "Go Mode!",
    "capturable": false,
    "type": "toggle",
    "img": "images/gomode2.png",
    "codes": "gomode"
  },

  // Stone and Metal Object
  {
    "name": "Stone and Metal Object",
    "type": "toggle",
    "img": "images/s-and-m.png",
    "codes": "smobj,sandm"
  },

  // Metal Object
  {
    "name": "Metal Object",
    "type": "toggle",
    "img": "images/metalobject.png",
    "codes": "metalobject,metal"
  },

  // Stone Object
  {
    "name": "Stone Object",
    "type": "progressive",
    "allow_disabled": false,
    "stages": [
      {
        "img": "images/ringboxdark.png",
        "codes": "stonebox"
      },
      {
        "img": "images/ringbox.png",
        "codes": "stoneobject,stone"
      }
    ]
  },

  // Doom Book 1
  {
    "name": "Doom Book 1",
    "type": "progressive",
    "allow_disabled": false,
    "stages": [
      {
        "img": "images/eagledark.png",
        "codes": "doombook1,doom1,eaglemedal"
      },
      {
        "img": "images/eagle.png",
        "codes": "doombook1,doom1,eaglemedal"
      }
    ]
  },

  // Doom Book 2
  {
    "name": "Doom Book 2",
    "type": "progressive",
    "allow_disabled": false,
    "stages": [
      {
        "img": "images/wolfdark.png",
        "codes": "doombook2,doom2,wolfmedal"
      },
      {
        "img": "images/wolf.png",
        "codes": "doombook2,doom2,wolfmedal"
      }
    ]
  },

  // Fuel Capsule
  {
    "name": "Fuel Capsule",
    "type": "toggle",
    "img": "images/fuel.png",
    "codes": "fuel,capsule,fuelcapsule"
  },

  // Lab Key
  {
    "name": "Lab Key",
    "type": "toggle",
    "img": "images/labkey.png",
    "codes": "labkey,lab,"
  },

  // Herbicide
  {
    "name": "Herbicide",
    "type": "toggle",
    "img": "images/herbicide.png",
    "codes": "herbicide,chemical"
  },

  // Arrow
  {
    "name": "Arrow",
    "type": "toggle",
    "img": "images/goldenarrow.png",
    "codes": "arrow,goldenarrow,arrowhead"
  },

  // Eye Mask
  {
    "name": "Eye Mask",
    "type": "toggle",
    "img": "images/maskeye.png",
    "codes": "eyemask,maskwoeyes"
  },

  // Mouth Mask
  {
    "name": "Mouth Mask",
    "type": "toggle",
    "img": "images/maskmouth.png",
    "codes": "mouthmask,maskwomouth"
  },

  // Nose Mask
  {
    "name": "Nose Mask",
    "type": "toggle",
    "img": "images/masknose.png",
    "codes": "nosemask,maskwonose"
  },

  // Box with Mask
  {
    "name": "Box with Mask",
    "type": "progressive",
    "allow_disabled": false,
    "stages": [
      {
        "img": "images/maskboxdark.png",
        "codes": "maskbox"
      },
      {
        "img": "images/maskbox.png",
        "codes": "maskwoall"
      }
    ]
  },

  // Lighter
  {
    "name": "Lighter",
    "type": "toggle",
    "img": "images/lighter.png",
    "codes": "lighter"
  },

  // Sword Key
  {
    "name": "Sword Key",
    "type": "progressive",
    "allow_disabled": false,
    "stages": [
      {
        "img": "images/cursesdark.png",
        "codes": "bookofcurses,cursebook,curse"
      },
      {
        "img": "images/swordkeybook.png",
        "codes": "swordkey"
      }
    ]
  },

  // Armor Key
  {
    "name": "Armor Key",
    "type": "progressive",
    "stages": [
      {
        "img": "images/dogwhistle.png",
        "codes": "whistle,dogwhistle"
      },
      {
        "img": "images/whistlearmor.png",
        "codes": "armorkey"
      }
    ]
  },

  // Shield Key
  {
    "name": "Shield Key",
    "type": "toggle",
    "img": "images/shieldkey.png",
    "codes": "shieldkey"
  },

  // Helmet Key
  {
    "name": "Helmet Key",
    "type": "toggle",
    "img": "images/helmetkey.png",
    "codes": "helmet,helmetkey"
  },

  // Gem Box
  {
    "name": "Gem Box",
    "type": "toggle",
    "img": "images/jeweleryboxkey.png",
    "codes": "box"
  },

  // Red Gem
  {
    "name": "Red Gem",
    "type": "toggle",
    "img": "images/redgemstone.png",
    "codes": "redgem"
  },

  // Emblem Key
  {
    "name": "Gem Box",
    "type": "composite_toggle",
    "codes": "gembox",
    "item_left": "box",
    "item_right": "redgem",
    "images": [
      {
        "left": false,
        "right": false,
        "img": "images/keyboxnone.png"
      },
      {
        "left": true,
        "right": false,
        "img": "images/keyboxbox.png"
      },
      {
        "left": false,
        "right": true,
        "img": "images/keyboxgem.png"
      },
      {
        "left": true,
        "right": true,
        "img": "images/keyboxall.png"
      }
    ]
  },

  // Missing Music
  {
    "name": "Missing Music",
    "type": "toggle",
    "img": "images/missingmusic.png",
    "codes": "folder"
  },

  // Pages
  {
    "name": "Pages",
    "type": "toggle",
    "img": "images/musicmidpages.png",
    "codes": "pages"
  },

  // Music
  {
    "name": "Music",
    "type": "composite_toggle",
    "codes": "music",
    "item_left": "folder",
    "item_right": "pages",
    "images": [
      {
        "left": false,
        "right": false,
        "img": "images/musicnone.png"
      },
      {
        "left": true,
        "right": false,
        "img": "images/musicfolder.png"
      },
      {
        "left": false,
        "right": true,
        "img": "images/musicpages.png"
      },
      {
        "left": true,
        "right": true,
        "img": "images/musicall.png"
      }
    ]
  },

  // Fish Hook
  {
    "name": "Fish Hook",
    "type": "toggle",
    "img": "images/fishhook.png",
    "codes": "hook,fishhook"
  },

  // Room 001 Key
  {
    "name": "Room 001 Key",
    "type": "toggle",
    "img": "images/room001key.png",
    "codes": "room001key,001key"
  },

  // Room 003 Key
  {
    "name": "Room 003 Key",
    "type": "toggle",
    "img": "images/room003key.png",
    "codes": "room003key,003key"
  },

  // Gallery Key
  { 
    "name": "Gallery Key",
    "type": "toggle",
    "img": "images/gallerykey.png",
    "codes": "gallerykey"
  },

  // Control Room Key
  {
    "name": "Control Room Key",
    "type": "toggle",
    "img": "images/controlroomkey.png",
    "codes": "controlroomkey,croomkey"
  },

  // Small Key
  {
    "name": "Small Key",
    "type": "progressive",
    "allow_disabled": false,
    "stages": [
      {
        "img": "images/oldkey.png",
        "img_mods": "@disabled",
        "codes": "smallkey,oldkey"
      },
      {
        "img": "images/oldkey1.png",
        "codes": "small1,old1"
      },
      {
        "img": "images/oldkey2.png",
        "codes": "small2,old2"
      },
      {
        "img": "images/oldkey3.png",
        "codes": "small3,old3"
      },
      {
        "img": "images/oldkey4.png",
        "codes": "small4,old4"
      },
      {
        "img": "images/oldkey5.png",
        "codes": "small5,old5"
      }
    ]
  },
  
  // Blue Gem
  {
    "name": "Blue Gemstone",
    "type": "toggle",
    "img": "images/bluegemstone.png",
    "codes": "blue,bluegem"
  },

  // Yellow Gem
  {
    "name": "Yellow Gemstone",
    "type": "toggle",
    "img": "images/yellowgemstone.png",
    "codes": "yellow,yellowgem"
  },

  // Insecticide
  {
    "name": "Insecticide",
    "type": "toggle",
    "img": "images/insecticide.png",
    "codes": "insecticide,insecticidespray"
  },

  // Red Book
  {
    "name": "Red Book",
    "type": "toggle",
    "img": "images/redbook.png",
    "codes": "redbook,unprintedbook"
  },

  // Cylinder
  {
    "name": "Cylinder",
    "type": "toggle",
    "img": "images/cylinder.png",
    "codes": "cylinder"
  },

  // Square Crank
  {
    "name": "Square Crank",
    "type": "toggle",
    "img": "images/cranksq.png",
    "codes": "squarecrank,square"
  },

  // Hex Crank
  {
    "name": "Hexagonal Crank",
    "type": "toggle",
    "img": "images/crankhex.png",
    "codes": "hexcrank,hex"
  },

  // Battery
  {
    "name": "battery",
    "type": "toggle",
    "img": "images/battery.png",
    "codes": "battery"
  },

  // MO Disk
  {
    "name": "MO Disk",
    "type": "progressive",
    "allow_disabled": "false",
    "stages": [
      {
        "img": "images/mo0.png",
        "img_mods": "@disabled"
      },
      {
        "img": "images/mo1.png",
        "codes": "mo1,modisk1"
      },
      {
        "img": "images/mo2.png",
        "codes": "mo2,modisk2"
      },
      {
        "img": "images/mo3.png",
        "codes": "mo3,modisk3"
      }
    ]
  },

  // Wind Crest
  {
    "name": "Wind Crest",
    "type": "toggle",
    "img": "images/crestwind.png",
    "codes": "wind,windcrest"
  },

  // Moon Crest
  {
    "name": "Moon Crest",
    "type": "toggle",
    "img": "images/crestmoon.png",
    "codes": "moon,mooncrest"
  },

  // Star Crest
  {
    "name": "Star Crest",
    "type": "toggle",
    "img": "images/creststar.png",
    "codes": "star,starcrest"
  },

  // Sun Crest
  {
    "name": "Sun Crest",
    "type": "toggle",
    "img": "images/crestsun.png",
    "codes": "sun,suncrest"
  }
]