﻿{
  "map_enabled": true,
  "auto_pin_capturing_locations": false,
  "auto_unpin_on_clear": true,
  "allow_resize": false,
  "layout_swap_left_right": false,
  "disabled_image_filter": "dim",
  "layouts": {
    "shared_item_grid": {
      "type": "itemgrid",
      "h_alignment": "center",
      "item_margin": "4,4",
      "item_height": 48,
      "item_width": 60,
      "rows": [
        [ "handgun", "shotgun", "assault", "glauncher", "magnum", "selfdefgun", "rocket" ],
        [ "sandm", "metal", "stonebox", "doom1", "doom2", "fuel", "labkey" ],
        [ "chemical", "lighter", "arrow", "eyemask", "mouthmask", "nosemask", "maskbox" ],
        [ "curse", "whistle", "shieldkey", "helmet", "gembox", "music", "hook" ],
        [ "smallkey", "blue", "yellow", "wind", "moon", "star", "sun"],
        [ "001key", "003key", "gallerykey", "croomkey", "redbook", "battery", "cylinder" ],
        [ "square", "hex", "modisk1", "", "", "", "gomode" ]
      ]
    },
    "tracker_capture_item": {
      "type": "container",
      "content": {
        "type": "layout",
        "key": "shared_item_grid"
      }
    },
    "tracker_default": {
      "type": "container",
      "width": 500,
      //"height": 500,
      "background": "#000000",
      "content": {
        "dropshadow": true,
        "margin": 5,
        "type": "layout",
        "key": "shared_item_grid"
      }
    }
  }
}
