﻿{
	"tracker_broadcast":{
		"type": "array",
  		"orientation": "vertical",
		"margin": "0,0",
	  	"content": [
			{
		  		"type": "itemgrid",
		  		"h_alignment": "center",
	  			"item_margin": "0,0",
	  			"item_height": 32,
  		    	"item_width": 40,
		  		"rows": [
					[ "sandm", "metal", "stonebox", "doom1" ],
					[ "doom2", "labkey", "fuel" ],
					[ "knife", "handgun", "magnum", "selfdefgun" ],
					[ "shotgun", "assault", "glauncher" ],
					[ "curse", "whistle", "shieldkey", "helmet" ],
					[ "arrow", "lighter", "chemical", "hook" ],
					[ "blue", "yellow", "gembox", "music" ],
					[ "eyemask", "mouthmask", "nosemask", "maskbox" ],
					[ "wind", "moon", "star", "sun" ],
					[ "battery", "cylinder", "square", "hex" ],
					[ "001key", "003key", "gallerykey", "croomkey" ],
					[ "redbook", "modisk", "", "gomode"],
					[ "barry", "richard", "yawn", "plant42" ]
				]
			},
			{
				"type": "itemgrid",
		  		"h_alignment": "center",
		  		"item_margin": "0,0",
	  			"item_height": 33,
    			"item_width": 132,
				"rows": [
					[ "normal" ]
	  			]
			}
		]
	}
}