{
    "shared_item_grid": {
      "type": "array",
      "orientation": "vertical",
      "content": [
        {
          "type": "array",
          "orientation": "horizontal",
          "content": [
            {
              "type": "itemgrid",
              "h_alignment": "center",
              "item_margin": "0,0,2,10",
              "badge_font_size": 9,
              "rows": [
                [ "bowandarrows", "boomerangs", "hookshot", "bombs", "powder", "mushroom", "gt_crystals" ],
                [ "firerod", "icerod", "bombos", "ether", "quake", "shovel", "ganon_crystals" ],
                [ "lamp", "hammer", "ocarina", "net", "book", "pearl", "" ],
                [ "bottle", "somaria", "byrna", "cape", "mirror", "gomode", "aga" ],
                [ "lift1", "boots", "flippers", "halfmagic", "owsword", "shield", "armor" ]
              ]
            },
            {
              "type": "array",
              "orientation": "vertical",
              "content": [
                {
                  "type": "array",
                  "orientation": "horizontal",
                  "content": [
                    {
                      "type": "itemgrid",
                      "margin": "0,2",
                      "h_alignment": "center",
                      "item_margin": "1,0",
                      "item_height": 16,
                      "item_width": 20,
                      "rows": [
                        [ "hc_label" ]
                      ]
                    },
                    {
                      "type": "itemgrid",
                      "margin": "0,2",
                      "h_alignment": "center",
                      "item_margin": "1,0",
                      "item_size": 16,
                      "badge_font_size": 10,
                      "rows": [
                        [ "hc_smallkey" ]
                      ]
                    },
                    {
                      "type": "itemgrid",
                      "margin": "0,2",
                      "h_alignment": "center",
                      "item_margin": "1,0",
                      "item_height": 16,
                      "item_width": 20,
                      "rows": [
                        [ "at_label" ]
                      ]
                    },
                    {
                      "type": "itemgrid",
                      "margin": "0,2",
                      "h_alignment": "center",
                      "item_margin": "1,0",
                      "item_size": 16,
                      "badge_font_size": 10,
                      "rows": [
                        [ "at_smallkey" ]
                      ]
                    }
                  ]
                },
                {
                  "type": "array",
                  "orientation": "horizontal",
                  "content": [
                    {
                      "type": "itemgrid",
                      "margin": "0,2",
                      "h_alignment": "center",
                      "item_margin": "1,0",
                      "item_height": 16,
                      "item_width": 20,
                      "rows": [
                        [ "ep_label" ],
                        [ "dp_label" ],
                        [ "toh_label" ],
                        [ "pod_label" ],
                        [ "sp_label" ],
                        [ "sw_label" ],
                        [ "tt_label" ],
                        [ "ip_label" ],
                        [ "mm_label" ],
                        [ "tr_label" ],
                        [ "gt_label" ]
                      ]
                    },
                    {
                      "type": "itemgrid",
                      "h_alignment": "center",
                      "item_margin": "1,0",
                      "item_size": 16,
                      "badge_font_size": 10,
                      "rows": [
                        [ "easternpalace", "ep_smallkey", "ep_bigkey" ],
                        [ "desertpalace", "dp_smallkey", "dp_bigkey" ],
                        [ "towerofhera", "toh_smallkey", "toh_bigkey" ],
                        [ "palaceofdarkness", "pod_smallkey", "pod_bigkey" ],
                        [ "swamppalace", "sp_smallkey", "sp_bigkey" ],
                        [ "skullwoods", "sw_smallkey", "sw_bigkey" ],
                        [ "thievestown", "tt_smallkey", "tt_bigkey" ],
                        [ "icepalace", "ip_smallkey", "ip_bigkey" ],
                        [ "miserymire", "mm_smallkey", "mm_bigkey" ],
                        [ "turtlerock", "tr_smallkey", "tr_bigkey" ],
                        [ "", "gt_smallkey", "gt_bigkey" ]
                      ]
                    }
                  ]
                }
              ]
            }
          ]
        }
      ]
    },
    "tracker_capture_item": {
      "type": "container",
      "content": {
        "type": "itemgrid",
        "h_alignment": "center",
        "item_margin": "0,0,2,10",
        "rows": [
          [ "bowandarrows", "", "", "hookshot", "powder", "mushroom", "blue_boomerang" ],
          [ "firerod", "icerod", "bombos", "ether", "quake", "shovel", "red_boomerang" ],
          [ "lamp", "hammer", "ocarina", "net", "book", "pearl", "generic_smallkey" ],
          [ "bottle", "somaria", "byrna", "cape", "mirror", "", "generic_bigkey" ],
          [ "lift1", "boots", "flippers", "halfmagic", "owsword", "shield", "armor" ]
        ]
      }
    },
    "tracker_default": {
      "type": "container",
      "background": "#877373",
      "content": {
        "type": "dock",
        "dropshadow": true,
        "content": [
          {
            "type": "dock",
            "dock": "left",
            "v_alignment": "stretch",
            "content": [
              {
                "type": "group",
                "header": "Items",
                "dock": "top",
                "content": {
                  "type": "layout",
                  "key": "shared_item_grid"
                }
              },
              {
                "type": "group",
                "header": "Pinned Locations",
                "content": {
                  "type": "recentpins",
                  "style": "wrap",
                  "h_alignment": "stretch",
                  "v_alignment": "stretch",
                  "orientation": "vertical",
                  "compact": true
                }
              }
            ]
          },
          {
            "type": "map"
          }
        ]
      }
    },
    "tracker_horizontal": {
      "type": "container",
      "background": "#877373",
      "content": {
        "type": "dock",
        "dropshadow": true,
        "content": [
          {
            "type": "dock",
            "dock": "bottom",
            "content": [
              {
                "type": "group",
                "header": "Items",
                "margin": "0,0,3,0",
                "dock": "left",
                "content": {
                  "type": "layout",
                  "key": "shared_item_grid"
                }
              },
              {
                "type": "group",
                "header": "Pinned Locations",
                "content": {
                  "type": "recentpins",
                  "style": "wrap",
                  "h_alignment": "stretch",
                  "v_alignment": "stretch",
                  "orientation": "horizontal",
                  "compact": true
                }
              }
            ]
          },
          {
            "type": "map"
          }
        ]
      }
    }
  }
  