[
  // Eastern Big Key
  {
    "name": "Eastern Palace Big Key",
    "type": "toggle",
    "img": "images/BigKey.png",
    "codes": "ep_bigkey"
  },
  // Desert Big Key
  {
    "name": "Desert Palace Big Key",
    "type": "toggle",
    "img": "images/BigKey.png",
    "codes": "dp_bigkey"
  },
  // Desert Small Keys
  {
    "name": "Desert Palace Small Key",
    "type": "consumable",
    "img": "images/SmallKey2.png",
    "codes": "dp_smallkey",
    "max_quantity": 1
  },
  // Hera Big Key
  {
    "name": "Tower of Hera Big Key",
    "type": "toggle",
    "img": "images/BigKey.png",
    "codes": "toh_bigkey"
  },
  // Hera Small Keys
  {
    "name": "Tower of Hera Small Key",
    "type": "consumable",
    "img": "images/SmallKey2.png",
    "codes": "toh_smallkey",
    "max_quantity": 1
  },
  // POD Big Key
  {
    "name": "Palace of Darkness Big Key",
    "type": "toggle",
    "img": "images/BigKey.png",
    "codes": "pod_bigkey"
  },
  // POD Small Keys
  {
    "name": "Palace of Darkness Small Key",
    "type": "consumable",
    "img": "images/SmallKey2.png",
    "codes": "pod_smallkey",
    "max_quantity": 6
  },
  // SP Big Key
  {
    "name": "Swamp Palace Big Key",
    "type": "toggle",
    "img": "images/BigKey.png",
    "codes": "sp_bigkey"
  },
  // SP Small Keys
  {
    "name": "Swamp Palace Small Key",
    "type": "consumable",
    "img": "images/SmallKey2.png",
    "codes": "sp_smallkey",
    "max_quantity": 1
  },
  // SW Big Key
  {
    "name": "Skull Woods Big Key",
    "type": "toggle",
    "img": "images/BigKey.png",
    "codes": "sw_bigkey"
  },
  // SW Small Keys
  {
    "name": "Skull Woods Small Key",
    "type": "consumable",
    "img": "images/SmallKey2.png",
    "codes": "sw_smallkey",
    "max_quantity": 3
  },
  // TT Big Key
  {
    "name": "Thieves Town Big Key",
    "type": "toggle",
    "img": "images/BigKey.png",
    "codes": "tt_bigkey"
  },
  // TT Small Keys
  {
    "name": "Thieves Town Small Key",
    "type": "consumable",
    "img": "images/SmallKey2.png",
    "codes": "tt_smallkey",
    "max_quantity": 1
  },
  // IP Big Key
  {
    "name": "Ice Palace Big Key",
    "type": "toggle",
    "img": "images/BigKey.png",
    "codes": "ip_bigkey"
  },
  // IP Small Keys
  {
    "name": "Ice Palace Small Key",
    "type": "consumable",
    "img": "images/SmallKey2.png",
    "codes": "ip_smallkey",
    "max_quantity": 2
  },
  // MM Big Key
  {
    "name": "Misery Mire Big Key",
    "type": "toggle",
    "img": "images/BigKey.png",
    "codes": "mm_bigkey"
  },
  // MM Small Keys
  {
    "name": "Misery Mire Small Key",
    "type": "consumable",
    "img": "images/SmallKey2.png",
    "codes": "mm_smallkey",
    "max_quantity": 3
  },
  // TR Big Key
  {
    "name": "Turtle Rock Big Key",
    "type": "toggle",
    "img": "images/BigKey.png",
    "codes": "tr_bigkey"
  },
  // TR Small Keys
  {
    "name": "Turtle Rock Small Key",
    "type": "consumable",
    "img": "images/SmallKey2.png",
    "codes": "tr_smallkey",
    "max_quantity": 4
  },
  // HC Small Keys
  {
    "name": "Hyrule Castle Small Key",
    "type": "consumable",
    "img": "images/SmallKey2.png",
    "codes": "hc_smallkey",
    "max_quantity": 1
  },
  // AT Small Keys
  {
    "name": "Aganhim's Tower Small Key",
    "type": "consumable",
    "img": "images/SmallKey2.png",
    "codes": "at_smallkey",
    "max_quantity": 2
  },
  // GT Small Keys
  {
    "name": "Ganon's Tower Small Key",
    "type": "consumable",
    "img": "images/SmallKey2.png",
    "codes": "gt_smallkey",
    "max_quantity": 4
  },
  // GT Big Key
  {
    "name": "Ganon's Tower Big Key",
    "type": "toggle",
    "img": "images/BigKey.png",
    "codes": "gt_bigkey"
  }  
]