[
    {
        "name": "Hyrule Castle & Sanctuary",
        "short_name": "Castle Escape",
        "access_rules": [ "@Lower Light World" ],
        "color": "#701d43",
        "map_locations": [
            {
                "map": "lightworld",
                "x": 1003,
                "y": 906
            },
            {
                "map": "lightworld",
                "x": 925,
                "y": 536
            }
        ],
        "sections": [
            {
                "name": "Escape",
                "clear_as_group": false,
                "access_rules": [
                    "[lamp]"
                ],
                "item_count": 4
            },
            {
                "name": "Back",
                "clear_as_group": true,
                "access_rules": [
                    "lift1",
                    "hc_smallkey:1,[lamp]"
                ],
                "item_count": 3
            },
            {
                "name": "Sanctuary",
                "short_name": "Sanc",
                "clear_as_group": true,
                "item_count": 1
            }
        ]
    },
    {
        "name": "Agahnim",
        "color": "#701d43",
        "access_rules": [ "@Dark Death Mountain" ],
        "map_locations": [
            {
                "map": "darkworld",
                "x": 1126,
                "y": 68
            }
        ],
        "sections": [
            {
                "name": "Front",
                "item_count": 1
            },
            {
                "name": "Back",
                "access_rules": [
                    "[lamp],at_smallkey:1"
                ],
                "item_count": 1
            },
            {
                "name": "Agahnim",
                "access_rules": [
                    "$canRemoveCurtains,at_smallkey:2,[lamp],sword",
                    "$canRemoveCurtains,at_smallkey:2,[lamp],hammer",
                    "$canRemoveCurtains,at_smallkey:2,[lamp],net"
                ],
                "hosted_item": "aga1"
            }
        ]
    },
    //  Eastern Palace
    {
        "name": "Eastern Palace",
        "color": "#af0000",
        "access_rules": [ "@Lower Light World" ],
        "sections": [
            {
                "name": "Dungeon",
                "access_rules": [
                    "[ep_bigkey],[lamp]"
                ],
                "clear_as_group": false,
                "item_count": 5
            },
            {
                "name": "Armos",
                "access_rules": [
                    "ep_bigkey,bow,[lamp]"
                ],
                "item_count": 1,
                "hosted_item": "easternpalace"
            }
        ],
        "map_locations": [
            {
                "map": "lightworld",
                "x": 1925,
                "y": 791
            }
        ]
    },
    //  Desert Palace
    {
        "name": "Desert Palace",
        "color": "#af0000",
        "access_rules": [ "@Lower Light World,book" ],
        "sections": [
            {
                "name": "Dungeon",
                "access_rules": [
                    "[boots],[dp_smallkey:1],[dp_bigkey]"
                ],
                "capture_item": true,
                "clear_as_group": false,
                "item_count": 5
            },
            {
                "name": "Lanmolas",
                "short_name": "Lanmo",
                "access_rules": [
                    "lift1,firesource,dp_bigkey,sword",
                    "lift1,firesource,dp_bigkey,hammer",
                    "lift1,firesource,dp_bigkey,firerod",
                    "lift1,firesource,dp_bigkey,icerod",
                    "lift1,firesource,dp_bigkey,bow",
                    "lift1,firesource,dp_bigkey,somaria",
                    "lift1,firesource,dp_bigkey,[sword]"
                ],
                "hosted_item": "desertpalace",
                "item_count": 1
            }
        ],
        "map_locations": [
            {
                "map": "lightworld",
                "x": 146,
                "y": 1584
            }
        ]
    },
    //  Tower of Hera
    {
        "name": "Tower of Hera",
        "color": "#af0000",
        "access_rules": [ "@East Light Death Mountain,hammer,pearl" ],
        "sections": [
            {
                "name": "Lower",
                "access_rules": [
                    "[firesource],[toh_smallkey]"
                ],
                "clear_as_group": false,
                "item_count": 3
            },
            {
                "name": "Upper",
                "access_rules": [
                    "toh_bigkey"
                ],
                "clear_as_group": false,
                "item_count": 2
            },
            {
                "name": "Moldorm",
                "access_rules": [
                    "@Tower of Hera/Upper,sword",
                    "@Tower of Hera/Upper,hammer"
                ],
                "hosted_item": "towerofhera",
                "item_count": 1
            }
        ],
        "map_locations": [
            {
                "map": "lightworld",
                "x": 1126,
                "y": 68
            }
        ]
    },    
    //  Palace of Darkness
    {
        "name": "Palace of Darkness",
        "parent": "East Dark World",
        "short_name": "POD",
        "color": "#af0000",
        "sections": [
            {
                "name": "Dungeon",
                "clear_as_group": false,
                "access_rules": [
                    "[lamp],[pod_bigkey],[pod_smallkey:5],bow",
                    "[lamp],[pod_bigkey],[pod_smallkey:6],[bow]"
                ],
                "item_count": 13
            },
            {
                "name": "Helmasaur",
                "access_rules": [
                    "pod_bigkey,pod_smallkey:1,hammer,bow,[lamp]"
                ],
                "hosted_item": "palaceofdarkness",
                "item_count": 1
            }
        ],
        "map_locations": [
            {
                "map": "darkworld",
                "x": 1924,
                "y": 800
            }
        ]
    },
    //  Swamp Palace
    {
        "name": "Swamp Palace",
        "color": "#af0000",
        "access_rules": [ "@Lower Light World,mirror,flippers" ],
        "sections": [
            //  Entrance
            {
                "name": "Entrance",
                "clear_as_group": false,
                "item_count": 1
            },
            //  Bomb Wall
            {
                "name": "Bomb Wall",
                "clear_as_group": false,
                "access_rules": [
                    "sp_smallkey:1"
                ],
                "item_count": 1
            },
            //  Front
            {
                "name": "Dungeon",
                "clear_as_group": false,
                "access_rules": [
                    "sp_smallkey:1,hammer,[hookshot],[sp_bigkey]"
                ],
                "item_count": 7
            },
            //  Arrgus
            {
                "name": "Arrgus",
                "access_rules": [
                    "sp_smallkey:1,hookshot,hammer"
                ],
                "hosted_item": "swamppalace",
                "item_count": 1
            }
        ],
        "map_locations": [
            {
                "map": "darkworld",
                "x": 940,
                "y": 1880
            }
        ]
    },
    //  Skull Woods
    {
        "name": "Skull Woods",
        "color": "#af0000",
        "sections": [
            //  Front
            {
                "name": "Front",
                "clear_as_group": false,
                "access_rules": [
                    "[sw_bigkey]"
                ],
                "item_count": 5
            },
            //  Front
            {
                "name": "Back",
                "access_rules": [
                    "firerod"
                ],
                "clear_as_group": false,
                "item_count": 1
            },
            //  Back
            {
                "name": "Mothula",
                "access_rules": [
                    "@Skull Woods/Back,$canRemoveCurtains"
                ],
                "hosted_item": "skullwoods",
                "item_count": 1
            }
        ],
        "map_locations": [
            {
                "map": "darkworld",
                "x": 79,
                "y": 121
            }
        ]
    },
    //   Thieves' Town
    {
        "name": "Thieves Town",
        "color": "#af0000",
        "sections": [
            {
                "name": "Front",
                "clear_as_group": false,
                "item_count": 4
            },
            {
                "name": "Back",
                "clear_as_group": false,
                "access_rules": [
                    "tt_bigkey,[hammer],[tt_smallkey:1]"
                ],
                "item_count": 3
            },
            //  Back
            {
                "name": "Blind",
                "access_rules": [
                    "tt_bigkey,sword",
                    "tt_bigkey,hammer",
                    "tt_bigkey,somaria",
                    "tt_bigkey,byrna"
                ],
                "hosted_item": "thievestown",
                "item_count": 1
            }
        ],
        "map_locations": [
            {
                "map": "darkworld",
                "x": 251,
                "y": 971
            }
        ]
    },
    //  Ice Palace
    {
        "name": "Ice Palace",
        "color": "#af0000",
        "access_rules": [ "firerod,[flippers]", "bombos,$canUseMedallions,[flippers]" ],
        "sections": [
            {
                "name": "Dungeon",
                "access_rules": [
                    "[hookshot],[hammer],[ip_bigkey]"
                ],
                "clear_as_group": false,
                "item_count": 7
            },
            //  Back
            {
                "name": "Khold",
                "access_rules": [
                    "hammer,bombos,$canUseMedallions,[somaria]",
                    "hammer,firerod,[somaria]",
                    "hammer,bombos,$canUseMedallions,[ip_smallkey:1]",
                    "hammer,firerod,[ip_smallkey:1]"
                ],
                "hosted_item": "icepalace",
                "item_count": 1
            }
        ],
        "map_locations": [
            {
                "map": "darkworld",
                "x": 1600,
                "y": 1735
            }
        ]
    },
    //  Misery Mire
    {
        "name": "Misery Mire",
        "color": "#af0000",
        "parent": "Mire Area",
        "access_rules": [
            "$canUseMedallions,mm_medallion,hookshot",
            "$canUseMedallions,mm_medallion,boots",
            "$canUseMedallions,bombos,ether,quake,hookshot",
            "$canUseMedallions,bombos,ether,quake,boots"
        ],
        "sections": [
            //  Front
            {
                "name": "Dungeon",
                "clear_as_group": false,
                "access_rules": [
                    "[firesource],[mm_bigkey]"
                ],
                "item_count": 7
            },
            //  Back
            {
                "name": "Vitreous",
                "access_rules": [
                    "somaria,[lamp],mm_bigkey"
                ],
                "hosted_item": "miserymire",
                "item_count": 1
            }
        ],
        "map_locations": [
            {
                "map": "darkworld",
                "x": 150,
                "y": 1670
            }
        ]
    },
    //  Turtle Rock
    {
        "name": "Turtle Rock",
        "color": "#af0000",
        "parent": "Dark Death Mountain",
        "access_rules": [
            "$canUseMedallions,tr_medallion,somaria",
            "$canUseMedallions,bombos,ether,quake,somaria",
            "@East Light Death Mountain,mirror"
        ],
        "sections": [
            {
                "name": "Dungeon",
                "clear_as_group": false,
                "access_rules": [
                    "[somaria],[firerod],[lamp],[tr_smallkey:3],[tr_bigkey]",
                    "[somaria],[firerod],[lamp],mirror,[tr_bigkey]"
                ],
                "item_count": 11
            },
            {
                "name": "Trinexx",
                "access_rules": [
                    "firerod,icerod,tr_bigkey,tr_smallkey:3,[lamp],[somaria]",
                    "firerod,icerod,tr_bigkey,tr_smallkey:1,mirror,[somaria]"
                ],
                "hosted_item": "turtlerock",
                "item_count": 1
            }
        ],
        "map_locations": [
            {
                "map": "darkworld",
                "x": 1890,
                "y": 144
            }
        ]
    },
    //  Ganon's Tower
    {
        "name": "Ganon's Tower",
        "color": "#af0000",
        "parent": "Lower Light World",
        "access_rules": [ "$gtCrystalCount" ],
        "sections": [
            {
                "name": "Dungeon",
                "clear_as_group": false,
                "access_rules": [
                    "hammer,[firerod],[hookshot],[boots],[somaria],[gt_smallkey:2],[gt_bigkey]",
                    "[hammer],[firerod],[hookshot],boots,[somaria],[gt_smallkey:2],[gt_bigkey]",
                    "[hammer],[firerod],[hookshot],[boots],somaria,[gt_smallkey:2],[gt_bigkey]"
                ],
                "item_count": 23
            },
            {
                "name": "Tower",
                "clear_as_group": false,
                "access_rules": [
                    "bow,firesource,[hookshot],gt_bigkey,gt_smallkey:1"
                ],
                "item_count": 4
            }
        ],
        "map_locations": [
            {
                "map": "lightworld",
                "x": 1003,
                "y": 807
            }
        ]
    }
]