[
    //  Hyrule Castle
    {
        "name": "Hyrule Castle & Sanctuary",
        "short_name": "Escape",
        "color": "#701d43",
        "map_locations": [
            {
                "map": "lightworld",
                "x": 1003,
                "y": 906
            },
            {
                "map": "lightworld",
                "x": 925,
                "y": 536
            }
        ],
        "sections": [
            {
                "name": "Escape",
                "clear_as_group": false,
                "access_rules": [
                    "[lamp],[lift1]",
                    "[firerod],[lift1]"
                ],
                "item_count": 6
            }
        ]
    },
    {
        "name": "Agahnim",
        "color": "#701d43",
        "access_rules": [
            "$canClearAgaTowerBarrier"
        ],
        "map_locations": [
            {
                "map": "lightworld",
                "x": 1003,
                "y": 807
            }
        ],
        "sections": [
            {
                "name": "Agahnim",
                "access_rules": [
                    "[lamp],$canRemoveCurtains,sword",
                    "[lamp],$canRemoveCurtains,hammer",
                    "[lamp],$canRemoveCurtains,net"
                ],
                "hosted_item": "aga1"
            }
        ]
    },
    //  Eastern Palace
    {
        "name": "Eastern Palace",
        "color": "#af0000",
        "sections": [
            {
                "name": "Dungeon",
                "clear_as_group": false,
                "access_rules": [
                    "[lamp]",
                    "firerod,[]"
                ],
                "item_count": 3
            },
            {
                "name": "Armos",
                "access_rules": [
                    "bow,[firesource]"
                ],
                "hosted_item": "easternpalace"
            }
        ],
        "map_locations": [
            {
                "map": "lightworld",
                "x": 1925,
                "y": 791
            }
        ]
    },
    //  Desert Palace
    {
        "name": "Desert Palace",
        "color": "#af0000",
        "access_rules": [
            "book",
            "flute,lift2,mirror",//NMG
            "boots",//OWG
            "bottle,lift2,mirror,[]",//OWG Fake Flute
            "$canOneFrameClipOW"
        ],
        "sections": [
            {
                "name": "Dungeon",
                "clear_as_group": false,
                "capture_item": true,
                "access_rules": [
                    "[firesource],[boots]"
                ],
                "item_count": 2
            },
            {
                "name": "Lanmolas",
                "short_name": "Lanmo",
                "access_rules": [
                    "lift1,firesource,sword",
                    "lift1,firesource,hammer",
                    "lift1,firesource,firerod",
                    "lift1,firesource,icerod",
                    "lift1,firesource,bow",
                    "lift1,firesource,somaria",
                    "boots,firesource,[sword]",//NMG
                    "boots,firesource,sword",
                    "boots,firesource,hammer",
                    "boots,firesource,firerod",
                    "boots,firesource,icerod",
                    "boots,firesource,bow",
                    "boots,firesource,somaria",
                    "boots,firesource,[sword]",//OWG
                    "$canOneFrameClipOW,firesource,sword",
                    "$canOneFrameClipOW,firesource,hammer",
                    "$canOneFrameClipOW,firesource,firerod",
                    "$canOneFrameClipOW,firesource,icerod",
                    "$canOneFrameClipOW,firesource,bow",
                    "$canOneFrameClipOW,firesource,somaria",
                    "$canOneFrameClipOW,firesource,[sword]"//MG
                ],
                "hosted_item": "desertpalace"
            }
        ],
        "map_locations": [
            {
                "map": "lightworld",
                "x": 146,
                "y": 1584
            }
        ]
    },

    //  Palace of Darkness
    {
        "name": "Palace of Darkness",
        "short_name": "POD",
        "color": "#af0000",
        "access_rules": [
            "aga1,pearl",
            "hammer,lift1,pearl",
            "lift2,flippers,pearl",//NMG
            "boots,pearl",//OWG
            "$canOWYBA,@Dark Central (Pyramid)", //MG
            "$canOneFrameClipUW,@Death Mountain"
        ],
        "sections": [
            //  Front
            {
                "name": "Dungeon",
                "clear_as_group": false,
                "access_rules": [
                    "[bow],[firesource]"
                ],
                "item_count": 5
            },
            //  Back
            {
                "name": "Helmasaur King",
                "short_name": "Helma",
                "access_rules": [
                    "bow,hammer,[lamp]"
                ],
                "hosted_item": "palaceofdarkness"
            }
        ],
        "map_locations": [
            {
                "map": "darkworld",
                "x": 1924,
                "y": 800
            }
        ]
    },

    // Swamp Area
    {
        "name": "Swamp Area",
        "group": "Swamp Area",
        "color": "#0d8452",
        "access_rules": [
            "pearl",
            "$canOWYBA",
            "$canOneFrameClipOW"
        ],
        "children": [
            //  Dark Swamp Area
            {
                "name": "Dark Swamp Area",
                "group": "Swamp Area",
                "access_rules": [
                    "lift2",
                    "hammer,lift1",
                    "aga1,hammer",
                    "aga1, hookshot, lift1",
                    "aga1, hookshot, flippers", //NMG
                    "mirror, lift1, [lamp]",
                    "mirror, flute",
                    "boots", //OWG
                    "$canOWYBA",
                    "$canOneFrameClipOW"
                ],
                "children": [
                    //  Swamp Palace
                    {
                        "name": "Swamp Palace",
                        "color": "#af0000",
                        "access_rules": [
                            "mirror,flippers",
                            "flippers,$canOneFrameClipUW,@Misery Mire"
                        ],
                        "sections": [
                            //  Front
                            {
                                "name": "Dungeon",
                                "clear_as_group": false,
                                "access_rules": [
                                    "[hammer],[hookshot]",
                                    "$canOneFrameClipUW,[hookshot]"
                                ],
                                "item_count": 6
                            },
                            //  Back
                            {
                                "name": "Arrgus",
                                "access_rules": [
                                    "hammer,hookshot",
                                    "$canOneFrameClipUW,hookshot"
                                ],
                                "hosted_item": "swamppalace"
                            }
                        ],
                        "map_locations": [
                            {
                                "map": "darkworld",
                                "x": 940,
                                "y": 1880
                            }
                        ]
                    }
                ]
            }
        ]
    },
    //  Dark World
    {
        "name": "Northwest Dark World",
        "color": "#35046b",
        "group": "Lost Woods",
        "access_rules": [
            "aga1,hookshot,flippers,moonpearl",
            "aga1,hookshot,lift1,moonpearl",
            "aga1,hookshot,hammer,moonpearl",
            "lift1,hammer,moonpearl",
            "lift2,moonpearl", //NMG
            "boots, pearl",
            "mirror, boots",
            "mirror, lift1, [lamp]",
            "mirror, flute", //OWG
            "$canOneFrameClipOW",
            "$canOWYBA" //MG
        ],
        "children": [
            //  Skull Woods
            {
                "name": "Skull Woods",
                "color": "#af0000",
                "sections": [
                    //  Front
                    {
                        "name": "Dungeon",
                        "clear_as_group": false,
                        "item_count": 2
                    },
                    //  Back
                    {
                        "name": "Mothula",
                        "access_rules": [
                            "firerod,$canRemoveCurtains"
                        ],
                        "hosted_item": "skullwoods"
                    }
                ],
                "map_locations": [
                    {
                        "map": "darkworld",
                        "x": 79,
                        "y": 121
                    }
                ]
            },
            //   Thieve's Town
            {
                "name": "Thieves Town",
                "color": "#af0000",
                "access_rules": [
                    "pearl",
                    "$canOWYBA"
                ],
                "sections": [
                    {
                        "name": "Dungeon",
                        "clear_as_group": false,
                        "access_rules": [
                            "[hammer]"
                        ],
                        "item_count": 4
                    },
                    //  Back
                    {
                        "name": "Blind",
                        "hosted_item": "thievestown",
                        "access_rules": [
                            "sword",
                            "hammer",
                            "somaria",
                            "byrna"
                        ]
                    }
                ],
                "map_locations": [
                    {
                        "map": "darkworld",
                        "x": 251,
                        "y": 971
                    }
                ]
            }
        ]
    },
    //  Ice Palace
    {
        "name": "Ice Palace",
        "color": "#af0000",
        "access_rules": [
            "lift2,firerod",
            "lift2,bombos,$canUseMedallions", //NMG
            "pearl,boots,$canMirrorWrap,firerod",
            "pearl,boots,$canMirrorWrap,bombos,$canUseMedallions", //OWG
            "pearl,boots,flippers,firerod",
            "pearl,boots,flippers,bombos,$canUseMedallions",
            "lift2,$canOneFrameClipUW", //MG
            "pearl,boots,$canMirrorWrap,$canOneFrameClipUW",
            "pearl,boots,flippers,$canOneFrameClipUW"
        ],
        "sections": [
            //  Front
            {
                "name": "Dungeon",
                "clear_as_group": false,
                "access_rules": [
                    "[hammer],[hookshot],[somaria],[lift1]"
                ],
                "item_count": 3
            },
            //  Back
            {
                "name": "Khold",
                "access_rules": [
                    "hammer,bombos,$canUseMedallions,lift1",
                    "hammer,firerod,lift1"
                ],
                "hosted_item": "icepalace"
            }
        ],
        "map_locations": [
            {
                "map": "darkworld",
                "x": 1600,
                "y": 1735
            }
        ]
    },
    //  Misery Mire
    {
        "name": "Misery Mire",
        "color": "#af0000",
        "parent": "Mire Area",
        "access_rules": [
            "$canUseMedallions,moonpearl,mm_medallion,hookshot", //NMG
            "$canUseMedallions,moonpearl,bombos,ether,quake,hookshot",
            "$canUseMedallions,moonpearl,mm_medallion,boots", //OWG
            "$canUseMedallions,moonpearl,bombos,ether,quake,boots",
            "$canUseMedallions,mm_medallion,$canOWYBA,boots", //MG
            "$canUseMedallions,bombos,ether,quake,$canOWYBA,boots",
            "$canUseMedallions,mm_medallion,$canOWYBA,$canOneFrameClipOW",
            "$canUseMedallions,bombos,ether,quake,$canOWYBA,$canOneFrameClipOW",
            "$canUseMedallions,mm_medallion,$canOWYBA,bottle:2",
            "$canUseMedallions,bombos,ether,quake,$canOWYBA,bottle:2"
        ],
        "sections": [
            //  Front
            {
                "name": "Dungeon",
                "clear_as_group": false,
                "access_rules": [
                    "[firesource]"
                ],
                "item_count": 2
            },
            //  Back
            {
                "name": "Vitreous",
                "access_rules": [
                    "somaria,[lamp]"
                ],
                "hosted_item": "miserymire"
            }
        ],
        "map_locations": [
            {
                "map": "darkworld",
                "x": 150,
                "y": 1670
            }
        ]
    },
    //  Death Mountain
    {
        "name": "Death Mountain",
        "group": "Death Mountain",
        "color": "#934f17",
        "access_rules": [
            "lift1,[lamp]",
            "flute",//NMG
            "boots",//OWG
            "$canOWYBA",
            "$canOneFrameClipOW" //MG
        ],
        "children": [
            //  Tower of Hera
            {
                "name": "Tower of Hera",
                "color": "#af0000",
                "access_rules": [
                    "mirror",
                    "hookshot,hammer",//NMG
                    "boots",//OWG
                    "$canOneFrameClipUW,@Misery Mire"
                ],
                "sections": [
                    {
                        "name": "Dungeon",
                        "clear_as_group": false,
                        "access_rules": [
                            "[firesource]"
                        ],
                        "item_count": 2
                    },
                    {
                        "name": "Moldorm",
                        "access_rules": [
                            "sword,[firesource]",
                            "hammer,[firesource]"
                        ],
                        "hosted_item": "towerofhera"
                    }
                ],
                "map_locations": [
                    {
                        "map": "lightworld",
                        "x": 1126,
                        "y": 68
                    }
                ]
            },
            //  Turtle Rock
            {
                "name": "Turtle Rock",
                "color": "#af0000",
                "sections": [
                    {
                        "name": "Front",
                        "clear_as_group": false,
                        "access_rules": [
                            "$upperTurtleRock, [firerod]", //Upper Entrance
                            "$middleTurtleRock, somaria, [firerod],[]", //Middle Entrance
                            "$lowerTurtleRock, somaria, [firerod], [lamp], []" //Lower Entrance
                        ], 
                        "item_count": 3
                    },
                    {
                        "name": "Lava Chest/Chain Chomps",
                        "clear_as_group": false,
                        "access_rules": [
                            "$upperTurtleRock, somaria, []", //Upper Entrance
                            "$middleTurtleRock", //Middle Entrances
                            "$lowerTurtleRock, somaria, [lamp], []" //Lower Entrance
                        ], 
                        "item_count": 2
                    },
                    {
                        "name": "Big Chest",
                        "clear_as_group": false,
                        "access_rules": [
                            "$upperTurtleRock, tr_bigkey, somaria, []", //Upper Entrance
                            "$middleTurtleRock, tr_bigkey, hookshot",
                            "$middleTurtleRock, tr_bigkey, somaria", //Middle Entrance
                            "$lowerTurtleRock, tr_bigkey, somaria, [lamp], []", //Lower Entrance
                            "$lowerTurtleRock, $middleTurtleRock, $upperTurtleRock, somaria, [firerod]" //Guaranteed able to find TRBK
                        ], 
                        "item_count": 1
                    },
                    {
                        "name": "Crystaroller",
                        "clear_as_group": false,
                        "access_rules": [
                            "$upperTurtleRock, tr_bigkey, somaria, []", //Upper Entrance
                            "$middleTurtleRock, tr_bigkey", //Middle Entrance
                            "$lowerTurtleRock, somaria, [lamp]", //Lower Entrance
                            "$lowerTurtleRock, $middleTurtleRock, $upperTurtleRock, tr_bigkey, somaria, [firerod]" //Guaranteed access with no dark maze necessary
                        ],
                        "item_count": 1
                    },
                    {
                        "name": "Laser Bridge",
                        "clear_as_group": false,
                        "access_rules": [
                            "$upperTurtleRock, tr_bigkey, somaria, [lamp], []", //Upper Entrance
                            "$middleTurtleRock, tr_bigkey, [somaria], [lamp], []", //Middle Entrance
                            "$lowerTurtleRock" //Lower Entrance
                        ],
                        "item_count": 4
                    },
                    {
                        "name": "Trinexx",
                        "access_rules": [
                            "$upperTurtleRock, tr_bigkey, somaria, firerod, icerod, [lamp], []", //Upper Entrance
                            "$middleTurtleRock, tr_bigkey, somaria, icerod, firerod, [lamp], []", //Middle Entrance
                            "$lowerTurtleRock, tr_bigkey, somaria, icerod, firerod, []", //Lower Entrance
                            "$lowerTurtleRock, $middleTurtleRock, $upperTurtleRock, somaria, icerod, firerod" //For Green TR Access
                        ],
                        "item_count": 1,
                        "hosted_item": "turtlerock"
                    }
                ],
                "map_locations": [
                    {
                        "map": "darkworld",
                        "x": 1890,
                        "y": 144
                      },
                      {
                        "map": "darkworld",
                        "x": 1693,
                        "y": 205
                      },
                      {
                        "map": "darkworld",
                        "x": 1600,
                        "y": 205
                      }
                ]
            },
            //  Ganon's Tower
            {
                "name": "Ganon's Tower",
                "color": "#af0000",
                "access_rules": [
                    "lift2, $gtCrystalCount", //NMG + Possible Bunny Revival
                    "boots, pearl", //OWG
                    "$canOneFrameClipOW"
                ],
                "sections": [
                    {
                        "name": "Front",
                        "clear_as_group": false,
                        "access_rules": [
                            "[boots]"
                        ],
                        "item_count": 3
                    },
                    {
                        "name": "Left Side",
                        "clear_as_group": false,
                        "access_rules": [
                            "hammer, hookshot",
                            "hammer, boots, [hookshot]"
                        ],
                        "item_count": 10
                    },
                    {
                        "name": "Right Side",
                        "clear_as_group": false,
                        "access_rules": [
                            "somaria, firerod",
                            "somaria,[]"
                        ],
                        "item_count": 5
                    },
                    {
                        "name": "Ice Armos/Big Chest Access",
                        "clear_as_group": false,
                        "access_rules": [
                            "somaria, firerod, [gt_bigkey]",
                            "hammer, [hookshot], [gt_bigkey]"
                        ],
                        "item_count": 5
                    },
                    {
                        "name": "Tower",
                        "clear_as_group": false,
                        "access_rules": [
                            "bow,firesource,gt_bigkey,[hookshot]"
                        ],
                        "item_count": 4
                    },
                    {
                        "name": "Agahnim",
                        "clear_as_group": false,
                        "access_rules": [
                            "bow,firesource,gt_bigkey,hookshot"
                        ],
                        "hosted_item": "aga2"
                    }
                ],
                "map_locations": [
                    {
                        "map": "darkworld",
                        "x": 1126,
                        "y": 68
                    }
                ]
            }
        ]
    }
]