[
    //  Hyrule Castle
    {
        "name": "Hyrule Castle & Sanctuary",
        "short_name": "Escape",
        "color": "#701d43",
        "map_locations": [
            {
                "map": "lightworld",
                "x": 925,
                "y": 536
            },
            {
                "map": "lightworld",
                "x": 1003,
                "y": 906
            }
        ],
        "sections": [
            {
                "name": "Escape",
                "clear_as_group": false,
                "access_rules": [
                    "[lamp]"
                ],
                "item_count": 4
            },
            {
                "name": "Back",
                "clear_as_group": true,
                "access_rules": [
                    "lift1",
                    "hc_smallkey:1,[lamp]"
                ],
                "item_count": 3
            },
            {
                "name": "Sanctuary",
                "short_name": "Sanc",
                "clear_as_group": true,
                "item_count": 1
            }
        ]
    },
    {
        "name": "Agahnim's Tower",
        "color": "#701d43",
        "access_rules": [ "$canClearAgaTowerBarrier" ],
        "map_locations": [
            {
                "map": "lightworld",
                "x": 1003,
                "y": 807
            }
        ],
        "sections": [
            {
                "name": "Front",
                "item_count": 1
            },
            {
                "name": "Back",
                "access_rules": [
                    "[lamp],at_smallkey:1"
                ],
                "item_count": 1
            },
            {
                "name": "Agahnim",
                "access_rules": [
                    "$canRemoveCurtains,at_smallkey:2,[lamp],sword",
                    "$canRemoveCurtains,at_smallkey:2,[lamp],hammer",
                    "$canRemoveCurtains,at_smallkey:2,[lamp],net"
                ],
                "hosted_item": "aga1"
            }
        ]
    },
    //  Eastern Palace
    {
        "name": "Eastern Palace",
        "color": "#af0000",
        "sections": [
            {
                "name": "Dungeon",
                "access_rules": [
                    "[ep_bigkey],[lamp]"
                ],
                "clear_as_group": false,
                "item_count": 5
            },
            {
                "name": "Armos",
                "access_rules": [
                    "ep_bigkey,bow,[firesource]"
                ],
                "item_count": 1,
                "hosted_item": "easternpalace"
            }
        ],
        "map_locations": [
            {
                "map": "lightworld",
                "x": 1925,
                "y": 791
            }
        ]
    },
    //  Desert Palace
    {
        "name": "Desert Palace",
        "color": "#af0000",
        "access_rules": [
            "book",
            "flute,lift2,mirror,",// NMG
            "boots",//OWG
            "bottle,lift2,mirror,[]"//OWG Fake Flute
        ],
        "sections": [
            {
                "name": "Dungeon",
                "access_rules": [
                    "[boots],[dp_smallkey:1],[dp_bigkey]"
                ],
                "capture_item": true,
                "clear_as_group": false,
                "item_count": 5
            },
            {
                "name": "Lanmolas",
                "short_name": "Lanmo",
                "access_rules": [
                    "lift1,firesource,dp_bigkey,sword",
                    "lift1,firesource,dp_bigkey,hammer",
                    "lift1,firesource,dp_bigkey,firerod",
                    "lift1,firesource,dp_bigkey,icerod",
                    "lift1,firesource,dp_bigkey,bow",
                    "lift1,firesource,dp_bigkey,somaria",
                    "boots,firesource,dp_bigkey,[sword]",//NMG
                    "boots,firesource,dp_bigkey,sword",
                    "boots,firesource,dp_bigkey,hammer",
                    "boots,firesource,dp_bigkey,firerod",
                    "boots,firesource,dp_bigkey,icerod",
                    "boots,firesource,dp_bigkey,bow",
                    "boots,firesource,dp_bigkey,somaria",
                    "boots,firesource,dp_bigkey,[sword]"//OWG
                ],
                "hosted_item": "desertpalace",
                "item_count": 1
            }
        ],
        "map_locations": [
            {
                "map": "lightworld",
                "x": 146,
                "y": 1584
            }
        ]
    },
    //  Palace of Darkness
    {
        "name": "Palace of Darkness",
        "color": "#af0000",
        "access_rules": [
            "aga1,moonpearl",
            "hammer,lift1,moonpearl",
            "lift2,flippers,moonpearl",//NMG
            "boots,pearl"//OWG
        ],
        "sections": [
            {
                "name": "Dungeon",
                "clear_as_group": false,
                "access_rules": [
                    "[lamp],[pod_bigkey],[pod_smallkey:5],bow",
                    "[lamp],[pod_bigkey],[pod_smallkey:6],[bow]"
                ],
                "item_count": 13
            },
            {
                "name": "Helmasaur",
                "access_rules": [
                    "pod_bigkey,pod_smallkey:1,hammer,bow,[lamp]"
                ],
                "hosted_item": "palaceofdarkness",
                "item_count": 1
            }
        ],
        "map_locations": [
            {
                "map": "darkworld",
                "x": 1924,
                "y": 800
            }
        ]
    },
    //  Swamp Area
    {
        "name": "Swamp Area",
        "group": "Swamp Area",
        "color": "#0d8452",
        "children": [
            //  Dark Swamp Area
            {
                "name": "Dark Swamp Area",
                "group": "Swamp Area",
                "access_rules": [
                    "pearl, lift2",
                    "pearl, hammer,lift1",
                    "pearl,aga1,hammer",
                    "aga1,pearl,flippers,hookshot",
                    "aga1,pearl,hammer,hookshot",
                    "aga1,pearl,lift1,hookshot"
                ],
                "children": [
                    //  Swamp Palace
                    {
                        "name": "Swamp Palace",
                        "color": "#af0000",
                        "access_rules": [
                            "mirror,flippers"
                        ],
                        "sections": [
                            //  Entrance
                            {
                                "name": "Entrance",
                                "clear_as_group": false,
                                "item_count": 1
                            },
                            //  Bomb Wall
                            {
                                "name": "Bomb Wall",
                                "clear_as_group": false,
                                "access_rules": [
                                    "sp_smallkey:1"
                                ],
                                "item_count": 1
                            },
                            //  Front
                            {
                                "name": "Dungeon",
                                "clear_as_group": false,
                                "access_rules": [
                                    "sp_smallkey:1,hammer,[hookshot],[sp_bigkey]"
                                ],
                                "item_count": 7
                            },
                            //  Arrgus
                            {
                                "name": "Arrgus",
                                "access_rules": [
                                    "sp_smallkey:1,hookshot,hammer"
                                ],
                                "hosted_item": "swamppalace",
                                "item_count": 1
                            }
                        ],
                        "map_locations": [
                            {
                                "map": "darkworld",
                                "x": 940,
                                "y": 1880
                            }
                        ]
                    }
                ]
            }
        ]
    },
    //  Dark World
    {
        "name": "Northwest Dark World",
        "color": "#35046b",
        "group": "Lost Woods",
        "access_rules": [
            "aga1,hookshot,flippers,moonpearl",
            "aga1,hookshot,lift1,moonpearl",
            "aga1,hookshot,hammer,moonpearl",
            "lift1,hammer,moonpearl",
            "lift2,moonpearl", //NMG
            "boots, pearl",
            "mirror, boots",
            "mirror, lift1, [lamp]",
            "mirror, flute" //OWG
        ],
        "children": [
            //  Skull Woods
            {
                "name": "Skull Woods",
                "color": "#af0000",
                "sections": [
                    //  Front
                    {
                        "name": "Front",
                        "clear_as_group": false,
                        "access_rules": [
                            "[sw_bigkey]"
                        ],
                        "item_count": 5
                    },
                    //  Front
                    {
                        "name": "Back",
                        "access_rules": [
                            "firerod"
                        ],
                        "clear_as_group": false,
                        "item_count": 1
                    },
                    //  Back
                    {
                        "name": "Mothula",
                        "access_rules": [
                            "@Skull Woods/Back,$canRemoveCurtains"
                        ],
                        "hosted_item": "skullwoods",
                        "item_count": 1
                    }
                ],
                "map_locations": [
                    {
                        "map": "darkworld",
                        "x": 79,
                        "y": 121
                    }
                ]
            },
            //   Thieve's Town
            {
                "name": "Thieves Town",
                "color": "#af0000",
                "sections": [
                    {
                        "name": "Front",
                        "clear_as_group": false,
                        "item_count": 4
                    },
                    {
                        "name": "Back",
                        "clear_as_group": false,
                        "access_rules": [
                            "tt_bigkey,[hammer],[tt_smallkey:1]"
                        ],
                        "item_count": 3
                    },
                    //  Back
                    {
                        "name": "Blind",
                        "access_rules": [
                            "tt_bigkey,sword",
                            "tt_bigkey,hammer",
                            "tt_bigkey,somaria",
                            "tt_bigkey,byrna"
                        ],
                        "hosted_item": "thievestown",
                        "item_count": 1
                    }
                ],
                "map_locations": [
                    {
                        "map": "darkworld",
                        "x": 251,
                        "y": 971
                    }
                ]
            }
        ]
    },
    //  Ice Palace
    {
        "name": "Ice Palace",
        "color": "#af0000",
        "access_rules": [
            "moonpearl,lift2,firerod",
            "moonpearl,lift2,bombos,$canUseMedallions", //NMG
            "pearl,boots,mirror,firerod",
            "pearl,boots,mirror,bombos,$canUseMedallions" //OWG
        ],
        "sections": [
            {
                "name": "Dungeon",
                "access_rules": [
                    "[hookshot],[hammer],[ip_bigkey]"
                ],
                "clear_as_group": false,
                "item_count": 7
            },
            //  Back
            {
                "name": "Khold",
                "access_rules": [
                    "hammer,bombos,$canUseMedallions,[somaria]",
                    "hammer,firerod,[somaria]",
                    "hammer,bombos,$canUseMedallions,[ip_smallkey:1]",
                    "hammer,firerod,[ip_smallkey:1]"
                ],
                "hosted_item": "icepalace",
                "item_count": 1
            }
        ],
        "map_locations": [
            {
                "map": "darkworld",
                "x": 1600,
                "y": 1735
            }
        ]
    },
    //  Misery Mire
    {
        "name": "Misery Mire",
        "color": "#af0000",
        "parent": "Mire Area",
        "access_rules": [
            "moonpearl,mm_medallion,hookshot,$canUseMedallions",
            "moonpearl,mm_medallion,boots,$canUseMedallions",
            "moonpearl,bombos,ether,quake,hookshot,$canUseMedallions",
            "moonpearl,bombos,ether,quake,boots,$canUseMedallions"
        ],
        "sections": [
            //  Front
            {
                "name": "Dungeon",
                "clear_as_group": false,
                "access_rules": [
                    "[firesource],[mm_bigkey]"
                ],
                "item_count": 7
            },
            //  Back
            {
                "name": "Vitreous",
                "access_rules": [
                    "somaria,[lamp],mm_bigkey"
                ],
                "hosted_item": "miserymire",
                "item_count": 1
            }
        ],
        "map_locations": [
            {
                "map": "darkworld",
                "x": 150,
                "y": 1670
            }
        ]
    },
    //  Death Mountain
    {
        "name": "Death Mountain",
        "group": "Death Mountain",
        "color": "#934f17",
        "access_rules": [
            "lift1,[lamp]",
            "flute",//NMG
            "boots",//OWG
            "bottle,[]"//OWG Fake Flute
        ],
        "children": [
            //  Tower of Hera
            {
                "name": "Tower of Hera",
                "color": "#af0000",
                "access_rules": [
                    "mirror",
                    "hookshot,hammer",//NMG
                    "boots"//OWG
                ],
                "sections": [
                    {
                        "name": "Lower",
                        "access_rules": [
                            "[firesource],[toh_smallkey]"
                        ],
                        "clear_as_group": false,
                        "item_count": 3
                    },
                    {
                        "name": "Upper",
                        "access_rules": [
                            "toh_bigkey"
                        ],
                        "clear_as_group": false,
                        "item_count": 2
                    },
                    {
                        "name": "Moldorm",
                        "access_rules": [
                            "@Tower of Hera/Upper,sword",
                            "@Tower of Hera/Upper,hammer"
                        ],
                        "hosted_item": "towerofhera",
                        "item_count": 1
                    }
                ],
                "map_locations": [
                    {
                        "map": "lightworld",
                        "x": 1126,
                        "y": 68
                    }
                ]
            },
            //  Turtle Rock
            {
                "name": "Turtle Rock",
                "color": "#af0000",
                "sections": [
                    {
                        "name": "Front",
                        "clear_as_group": false,
                        "access_rules": [
                            "$upperTurtleRock, [firerod]", //Upper Entrance
                            "$middleTurtleRock, somaria, [firerod], tr_smallkey:1, [tr_smallkey:4]", //Middle Entrance
                            "$lowerTurtleRock, tr_smallkey:2, [tr_smallkey:4], somaria, [firerod], [lamp]" //Lower Entrance
                        ], 
                        "item_count": 3
                    },
                    {
                        "name": "Chain Chomps",
                        "clear_as_group": false,
                        "access_rules": [
                            "$upperTurtleRock, somaria, tr_smallkey:1, [tr_smallkey:4]", //Upper Entrance
                            "$middleTurtleRock, tr_smallkey:1, [tr_smallkey:4]", //Middle Entrances
                            "$lowerTurtleRock, tr_smallkey:1, [tr_smallkey:4], somaria, [lamp]" //Lower Entrance
                        ], 
                        "item_count": 1
                    },
                    {
                        "name": "Lava Chest",
                        "clear_as_group": false,
                        "access_rules": [
                            "$upperTurtleRock, somaria, tr_smallkey:2, [tr_smallkey:4]", //Upper Entrance
                            "$middleTurtleRock, [tr_smallkey:4]", //Middle Entrances
                            "$lowerTurtleRock, tr_smallkey:1, [tr_smallkey:4], somaria, [lamp]" //Lower Entrance
                        ], 
                        "item_count": 1
                    },
                    {
                        "name": "Big Chest",
                        "clear_as_group": false,
                        "access_rules": [
                            "$upperTurtleRock, tr_bigkey, tr_smallkey:2, [tr_smallkey:4], somaria", //Upper Entrance
                            "$middleTurtleRock, tr_bigkey, hookshot",
                            "$middleTurtleRock, tr_bigkey, somaria", //Middle Entrance
                            "$lowerTurtleRock, tr_bigkey, tr_smallkey:1, [tr_smallkey:4], somaria, [lamp]" //Lower Entrance
                        ], 
                        "item_count": 1
                    },
                    {
                        "name": "Crystaroller",
                        "clear_as_group": false,
                        "access_rules": [
                            "$upperTurtleRock, tr_bigkey, tr_smallkey:3, [tr_smallkey:4], somaria", //Upper Entrance
                            "$middleTurtleRock, tr_bigkey", //Middle Entrance
                            "$lowerTurtleRock, somaria, [lamp]", //Lower Entrance
                            "$lowerTurtleRock, $middleTurtleRock, $upperTurtleRock, tr_bigkey, somaria, [tr_smallkey:4], [firerod]" //Guaranteed access with no dark maze necessary
                        ],
                        "item_count": 1
                    },
                    {
                        "name": "Laser Bridge",
                        "clear_as_group": false,
                        "access_rules": [
                            "$upperTurtleRock, tr_bigkey, tr_smallkey:3, [tr_smallkey:4], somaria, [lamp]", //Upper Entrance
                            "$middleTurtleRock, tr_bigkey, tr_smallkey:1, [tr_smallkey:4], [somaria], [lamp]", //Middle Entrance
                            "$lowerTurtleRock" //Lower Entrance
                        ],
                        "item_count": 4
                    },
                    {
                        "name": "Trinexx",
                        "access_rules": [
                            "$upperTurtleRock, tr_bigkey, tr_smallkey:3, [tr_smallkey:4], somaria, firerod, icerod, [lamp]", //Upper Entrance
                            "$middleTurtleRock, tr_bigkey, tr_smallkey:2, [tr_smallkey:4], somaria, icerod, firerod, [lamp]", //Middle Entrance
                            "$lowerTurtleRock, tr_bigkey, tr_smallkey:1, [tr_smallkey:4], somaria, icerod, firerod", //Lower Entrance
                        ],
                        "item_count": 1,
                        "hosted_item": "turtlerock"
                    }
                ],
                "map_locations": [
                    {
                        "map": "darkworld",
                        "x": 1890,
                        "y": 144
                      },
                      {
                        "map": "darkworld",
                        "x": 1693,
                        "y": 205
                      },
                      {
                        "map": "darkworld",
                        "x": 1600,
                        "y": 205
                      }
                ]
            },            
            //  Ganon's Tower
            {
                "name": "Ganon's Tower",
                "color": "#af0000",
                "access_rules": [
                    "lift2, $gtCrystalCount", //NMG + Possible Bunny Revival
                    "boots, pearl" //OWG
                ],
                "sections": [
                    {
                        "name": "Front",
                        "clear_as_group": false,
                        "access_rules": [
                            "[boots]"
                        ],
                        "item_count": 3
                    },
                    {
                        "name": "DM Room",
                        "access_rules": [
                            "hammer, hookshot"
                        ],
                        "item_count": 4
                    },
                    {
                        "name": "Left Side",
                        "access_rules": [
                            "hammer, hookshot, [gt_smallkey:3]",
                            "hammer, boots, [gt_smallkey:3]"
                        ],
                        "item_count": 6
                    },
                    {
                        "name": "Tile Room",
                        "access_rules": [
                            "somaria"
                        ],
                        "item_count": 1
                    },
                    {
                        "name": "Right Side",
                        "access_rules": [
                            "somaria, firerod, [gt_smallkey:3]"
                        ],
                        "item_count": 4
                    },
                    {
                        "name": "Bob's Chest/Ice Armos",
                        "clear_as_group": false,
                        "access_rules": [
                            "hammer, hookshot, [gt_smallkey:3]",
                            "hammer, boots, [gt_smallkey:3]",
                            "somaria, firerod, [gt_smallkey:3]"
                        ],
                        "item_count": 4
                    },
                    {
                        "name": "Big Chest",
                        "clear_as_group": false,
                        "access_rules": [
                            "hammer, hookshot, gt_bigkey, [gt_smallkey:3]",
                            "hammer, boots, gt_bigkey, [gt_smallkey:3]",
                            "somaria, firerod, gt_bigkey, [gt_smallkey:3]"
                        ],
                        "item_count": 1
                    },
                    {
                        "name": "Tower",
                        "clear_as_group": false,
                        "access_rules": [
                            "bow,firesource,gt_bigkey,[hookshot], [gt_smallkey:3]"
                        ],
                        "item_count": 4
                    },
                    {
                        "name": "Agahnim",
                        "clear_as_group": false,
                        "access_rules": [
                            "bow,firesource,gt_bigkey,hookshot, [gt_smallkey:3]"
                        ],
                        "hosted_item": "aga2"
                    }
                ],
                "map_locations": [
                    {
                        "map": "darkworld",
                        "x": 1126,
                        "y": 68
                    }
                ]
            }
        ]
    }
]