[
    {
        "name": "Hyrule Castle & Sanctuary",
        "short_name": "Escape",
        "color": "#701d43",
        "map_locations": [
            {
                "map": "lightworld",
                "x": 925,
                "y": 536
            },
            {
                "map": "lightworld",
                "x": 1003,
                "y": 906
            }
        ],
        "sections": [
            {
                "name": "Escape",
                "clear_as_group": false,
                "access_rules": [
                    "[lamp]"
                ],
                "item_count": 4
            },
            {
                "name": "Back",
                "clear_as_group": true,
                "access_rules": [
                    "lift1",
                    "hc_smallkey:1,[lamp]"
                ],
                "item_count": 3
            },
            {
                "name": "Sanctuary",
                "short_name": "Sanc",
                "clear_as_group": true,
                "item_count": 1
            }
        ]
    },
    {
        "name": "Agahnim's Tower",
        "color": "#701d43",
        "access_rules": [ "$canClearAgaTowerBarrier" ],
        "map_locations": [
            {
                "map": "lightworld",
                "x": 1003,
                "y": 807
            }
        ],
        "sections": [
            {
                "name": "Front",
                "item_count": 1
            },
            {
                "name": "Back",
                "access_rules": [
                    "[lamp],at_smallkey:1"
                ],
                "item_count": 1
            },
            {
                "name": "Agahnim",
                "access_rules": [
                    "$canRemoveCurtains,at_smallkey:2,[lamp],sword",
                    "$canRemoveCurtains,at_smallkey:2,[lamp],hammer",
                    "$canRemoveCurtains,at_smallkey:2,[lamp],net"
                ],
                "hosted_item": "aga1"
            }
        ]
    },
    //  Eastern Palace
    {
        "name": "Eastern Palace",
        "color": "#af0000",
        "sections": [
            {
                "name": "Dungeon",
                "access_rules": [
                    "[ep_bigkey],[lamp]"
                ],
                "clear_as_group": false,
                "item_count": 5
            },
            {
                "name": "Armos",
                "access_rules": [
                    "ep_bigkey,bow,[lamp]"
                ],
                "item_count": 1,
                "hosted_item": "easternpalace"
            }
        ],
        "map_locations": [
            {
                "map": "lightworld",
                "x": 1925,
                "y": 791
            }
        ]
    },
    //  Desert Palace
    {
        "name": "Desert Palace",
        "color": "#af0000",
        "access_rules": [
            "book",
            "flute,lift2,mirror"
        ],
        "sections": [
            {
                "name": "Dungeon",
                "access_rules": [
                    "[boots],[dp_smallkey:1],[dp_bigkey]"
                ],
                "capture_item": true,
                "clear_as_group": false,
                "item_count": 5
            },
            {
                "name": "Lanmolas",
                "short_name": "Lanmo",
                "access_rules": [
                    "lift1,firesource,dp_bigkey,sword",
                    "lift1,firesource,dp_bigkey,hammer",
                    "lift1,firesource,dp_bigkey,firerod",
                    "lift1,firesource,dp_bigkey,icerod",
                    "lift1,firesource,dp_bigkey,bow",
                    "lift1,firesource,dp_bigkey,somaria",
                    "lift1,firesource,dp_bigkey,[sword]"
                ],
                "hosted_item": "desertpalace",
                "item_count": 1
            }
        ],
        "map_locations": [
            {
                "map": "lightworld",
                "x": 146,
                "y": 1584
            }
        ]
    },
    //  Palace of Darkness
    {
        "name": "Palace of Darkness",
        "color": "#af0000",
        "access_rules": [
            "aga1,moonpearl",
            "hammer,lift1,moonpearl",
            "lift2,flippers,moonpearl",
            "lift2,boots,pearl,[hammer]"
        ],
        "sections": [
            {
                "name": "Dungeon",
                "clear_as_group": false,
                "access_rules": [
                    "[lamp],[pod_bigkey],[pod_smallkey:5],bow",
                    "[lamp],[pod_bigkey],[pod_smallkey:6],[bow]"
                ],
                "item_count": 13
            },
            {
                "name": "Helmasaur",
                "access_rules": [
                    "pod_bigkey,pod_smallkey:1,hammer,bow,[lamp]"
                ],
                "hosted_item": "palaceofdarkness",
                "item_count": 1
            }
        ],
        "map_locations": [
            {
                "map": "darkworld",
                "x": 1924,
                "y": 800
            }
        ]
    },
    //  Swamp Area
    {
        "name": "Swamp Area",
        "group": "Swamp Area",
        "color": "#0d8452",
        "children": [
            //  Dark Swamp Area
            {
                "name": "Dark Swamp Area",
                "group": "Swamp Area",
                "access_rules": [
                    "pearl, lift2",
                    "pearl, hammer,lift1",
                    "pearl,aga1,hammer",
                    "aga1,pearl,flippers,hookshot",
                    "aga1,pearl,hammer,hookshot",
                    "aga1,pearl,lift1,hookshot"
                ],
                "children": [
                    //  Swamp Palace
                    {
                        "name": "Swamp Palace",
                        "color": "#af0000",
                        "access_rules": [
                            "mirror,flippers"
                        ],
                        "sections": [
                            //  Entrance
                            {
                                "name": "Entrance",
                                "clear_as_group": false,
                                "item_count": 1
                            },
                            //  Bomb Wall
                            {
                                "name": "Bomb Wall",
                                "clear_as_group": false,
                                "access_rules": [
                                    "sp_smallkey:1"
                                ],
                                "item_count": 1
                            },
                            //  Front
                            {
                                "name": "Dungeon",
                                "clear_as_group": false,
                                "access_rules": [
                                    "sp_smallkey:1,hammer,[hookshot],[sp_bigkey]"
                                ],
                                "item_count": 7
                            },
                            //  Arrgus
                            {
                                "name": "Arrgus",
                                "access_rules": [
                                    "sp_smallkey:1,hookshot,hammer"
                                ],
                                "hosted_item": "swamppalace",
                                "item_count": 1
                            }
                        ],
                        "map_locations": [
                            {
                                "map": "darkworld",
                                "x": 940,
                                "y": 1880
                            }
                        ]
                    }
                ]
            }
        ]
    },
    //  Dark World
    {
        "name": "Northwest Dark World",
        "color": "#35046b",
        "group": "Lost Woods",
        "access_rules": [
            "aga1,hookshot,flippers,moonpearl",
            "aga1,hookshot,lift1,moonpearl",
            "aga1,hookshot,hammer,moonpearl",
            "lift1,hammer,moonpearl",
            "lift2,moonpearl"
        ],
        "children": [
            //  Skull Woods
            {
                "name": "Skull Woods",
                "color": "#af0000",
                "sections": [
                    //  Front
                    {
                        "name": "Front",
                        "clear_as_group": false,
                        "access_rules": [
                            "[sw_bigkey]"
                        ],
                        "item_count": 5
                    },
                    //  Front
                    {
                        "name": "Back",
                        "access_rules": [
                            "firerod"
                        ],
                        "clear_as_group": false,
                        "item_count": 1
                    },
                    //  Back
                    {
                        "name": "Mothula",
                        "access_rules": [
                            "@Skull Woods/Back,$canRemoveCurtains"
                        ],
                        "hosted_item": "skullwoods",
                        "item_count": 1
                    }
                ],
                "map_locations": [
                    {
                        "map": "darkworld",
                        "x": 79,
                        "y": 121
                    }
                ]
            },
            //   Thieve's Town
            {
                "name": "Thieves Town",
                "color": "#af0000",
                "sections": [
                    {
                        "name": "Front",
                        "clear_as_group": false,
                        "item_count": 4
                    },
                    {
                        "name": "Back",
                        "clear_as_group": false,
                        "access_rules": [
                            "tt_bigkey,[hammer],[tt_smallkey:1]"
                        ],
                        "item_count": 3
                    },
                    //  Back
                    {
                        "name": "Blind",
                        "access_rules": [
                            "tt_bigkey,sword",
                            "tt_bigkey,hammer",
                            "tt_bigkey,somaria",
                            "tt_bigkey,byrna"
                        ],
                        "hosted_item": "thievestown",
                        "item_count": 1
                    }
                ],
                "map_locations": [
                    {
                        "map": "darkworld",
                        "x": 251,
                        "y": 971
                    }
                ]
            }
        ]
    },
    //  Ice Palace
    {
        "name": "Ice Palace",
        "color": "#af0000",
        "access_rules": [
            "moonpearl,lift2,firerod,[flippers]",
            "moonpearl,lift2,bombos,$canUseMedallions,[flippers]"
        ],
        "sections": [
            {
                "name": "Dungeon",
                "access_rules": [
                    "[hookshot],[hammer],[ip_bigkey]"
                ],
                "clear_as_group": false,
                "item_count": 7
            },
            //  Back
            {
                "name": "Khold",
                "access_rules": [
                    "hammer,bombos,$canUseMedallions,[somaria]",
                    "hammer,firerod,[somaria]",
                    "hammer,bombos,$canUseMedallions,[ip_smallkey:1]",
                    "hammer,firerod,[ip_smallkey:1]"
                ],
                "hosted_item": "icepalace",
                "item_count": 1
            }
        ],
        "map_locations": [
            {
                "map": "darkworld",
                "x": 1600,
                "y": 1735
            }
        ]
    },
    //  Mire Area
    {
        "name": "Mire Area",
        "color": "#02473f",
        "group": "Desert Area",
        "access_rules": [
            "ocarina,lift2"
        ],
        "children": [
            //  Misery Mire
            {
                "name": "Misery Mire",
                "color": "#af0000",
                "access_rules": [
                    "moonpearl,mm_medallion,hookshot,$canUseMedallions",
                    "moonpearl,mm_medallion,boots,$canUseMedallions",
                    "moonpearl,bombos,ether,quake,hookshot,$canUseMedallions",
                    "moonpearl,bombos,ether,quake,boots,$canUseMedallions"
                ],
                "sections": [
                    //  Front
                    {
                        "name": "Dungeon",
                        "clear_as_group": false,
                        "access_rules": [
                            "[firesource],[mm_bigkey]"
                        ],
                        "item_count": 7
                    },
                    //  Back
                    {
                        "name": "Vitreous",
                        "access_rules": [
                            "somaria,[lamp],mm_bigkey"
                        ],
                        "hosted_item": "miserymire",
                        "item_count": 1
                    }
                ],
                "map_locations": [
                    {
                        "map": "darkworld",
                        "x": 150,
                        "y": 1670
                    }
                ]
            }
        ]
    },
    //  Death Mountain
    {
        "name": "Death Mountain",
        "group": "Death Mountain",
        "color": "#934f17",
        "access_rules": [
            "lift1,[lamp]",
            "flute"
        ],
        "children": [
            //  Tower of Hera
            {
                "name": "Tower of Hera",
                "color": "#af0000",
                "access_rules": [
                    "mirror",
                    "hookshot,hammer"
                ],
                "sections": [
                    {
                        "name": "Lower",
                        "access_rules": [
                            "[firesource],[toh_smallkey]"
                        ],
                        "clear_as_group": false,
                        "item_count": 3
                    },
                    {
                        "name": "Upper",
                        "access_rules": [
                            "toh_bigkey"
                        ],
                        "clear_as_group": false,
                        "item_count": 2
                    },
                    {
                        "name": "Moldorm",
                        "access_rules": [
                            "@Tower of Hera/Upper,sword",
                            "@Tower of Hera/Upper,hammer"
                        ],
                        "hosted_item": "towerofhera",
                        "item_count": 1
                    }
                ],
                "map_locations": [
                    {
                        "map": "lightworld",
                        "x": 1126,
                        "y": 68
                    }
                ]
            },
            //  Turtle Rock
            {
                "name": "Turtle Rock",
                "color": "#af0000",
                "access_rules": [
                    "pearl,mirror,hammer,lift2,tr_medallion,somaria,$canUseMedallions",
                    "pearl,hookshot,hammer,lift2,tr_medallion,somaria,$canUseMedallions",
                    "pearl,mirror,hammer,lift2,bombos,ether,quake,somaria,$canUseMedallions",
                    "pearl,hookshot,hammer,lift2,bombos,ether,quake,somaria,$canUseMedallions"
                ],
                "sections": [
                    {
                        "name": "Dungeon",
                        "clear_as_group": false,
                        "access_rules": [
                            "[firerod],[lamp],[tr_smallkey:4],[tr_bigkey]"
                        ],
                        "item_count": 11
                    },
                    {
                        "name": "Trinexx",
                        "access_rules": [
                            "firerod,icerod,tr_bigkey,tr_smallkey:3,[tr_smallkey:4],[lamp]"
                        ],
                        "hosted_item": "turtlerock",
                        "item_count": 1
                    }
                ],
                "map_locations": [
                    {
                        "map": "darkworld",
                        "x": 1890,
                        "y": 144
                    }
                ]
            },
            {
                "name": "Mimic Cave",
                "color": "#934f17",
                "access_rules": [
                    "pearl,mirror,hammer,lift2,tr_medallion,somaria,$canUseMedallions,tr_smallkey:2",
                    "pearl,hookshot,hammer,lift2,tr_medallion,somaria,$canUseMedallions,mirror,tr_smallkey:2",
                    "pearl,mirror,hammer,lift2,bombos,ether,quake,somaria,$canUseMedallions,tr_smallkey:2",
                    "pearl,hookshot,hammer,lift2,bombos,ether,quake,somaria,$canUseMedallions,mirror,tr_smallkey:2"
                ],
                "sections": [
                    {
                        "name": "Cave",
                        "item_count": 1
                    }
                ],
                "map_locations": [
                    {
                        "map": "lightworld",
                        "x": 1694,
                        "y": 190
                    },
                    {
                        "map": "darkworld",
                        "x": 1693,
                        "y": 205
                    }
                ]
            },            
            //  Ganon's Tower
            {
                "name": "Ganon's Tower",
                "color": "#af0000",
                "parent": "Dark Death Mountain",
                "access_rules": [ "pearl,$gtCrystalCount" ],
                "sections": [
                    {
                        "name": "Dungeon",
                        "clear_as_group": false,
                        "access_rules": [
                            "hammer,[firerod],[hookshot],[boots],[somaria],[gt_smallkey:2],[gt_bigkey]",
                            "[hammer],[firerod],[hookshot],boots,[somaria],[gt_smallkey:2],[gt_bigkey]",
                            "[hammer],[firerod],[hookshot],[boots],somaria,[gt_smallkey:2],[gt_bigkey]"
                        ],
                        "item_count": 23
                    },
                    {
                        "name": "Tower",
                        "clear_as_group": false,
                        "access_rules": [
                            "bow,firesource,[hookshot],gt_bigkey,gt_smallkey:1"
                        ],
                        "item_count": 4
                    }
                ],
                "map_locations": [
                    {
                        "map": "darkworld",
                        "x": 1126,
                        "y": 68
                    }
                ]
            }
        ]
    }
]