﻿{
  "tracker_broadcast": {
    "type": "array",
    "margin": "0",
    "content": [
      {
        "type": "array",
        "dropshadow": true,
        "orientation": "vertical",
        "content": [
          {
            "type": "itemgrid",
            "h_alignment": "center",
            "item_margin": "3,2.5",
            "item_width": 54,
            "item_height": 34,
            "rows": [
              [
                "knife",
                "handgun",
                "shotgun_comp",
                "magnum_comp"
              ],
              [
                "smg",
                "flamethrower",
                "rocket"
              ],
              [
                "spade",
                "diamond",
                "heart",
                "club"
              ],
              [
                "unicorn",
                "jewel",
                "crank",
                "cog"
              ],
              [
                "film",
                "valve",
                "cardkey",
                "smallkey"
              ],
              [
                "manhook",
                "bkplugs",
                "krplugs",
                "medals"
              ],
              [
                "Dkey",
                "wbox",
                "fuse",
                "labkey"
              ],
              [
                "labcard",
                "modisk",
                "platform",
                "plugs"
              ]
            ]
          }
        ]
      }
    ]
  }
}