﻿{
  "shared_item_grid": {
    "type": "itemgrid",
    "h_alignment": "center",
    "item_margin": "4,4",
    "item_height": 34,
    "item_width": 54,
    "rows": [
      [
        "spade",
        "diamond",
        "heart",
        "club"
      ],
      [
        "unicorn",
        "jewel",
        "crank",
        "cog"
      ],
      [
        "film",
        "valve",
        "cardkey",
        "smallkey"
      ],
      [
        "manhook",
        "bkplugs",
        "krplugs",
        "medals"
      ],
      [
        "Dkey",
        "wbox",
        "fuse",
        "labkey"
      ],
      [
        "labcard",
        "modisk",
        "platform",
        "plugs"
      ]
    ]
  },
  "tracker_capture_item": {
    "type": "container",
    "content": {
      "type": "layout",
      "key": "shared_item_grid"
    }
  },
  "tracker_default": {
    "type": "container",
    "width": 270,
    //"height": 500,
    "background": "#000040",
    "content": {
      "dropshadow": true,
      "margin": 5,
      "type": "layout",
      "key": "shared_item_grid"
    }
  }
}