﻿{
	"tracker_broadcast":{
		"type": "array",
  		"orientation": "vertical",
		"margin": "0,0",
  		"content": [
			{
	  			"type": "itemgrid",
	  			"h_alignment": "center",
		  		"item_margin": "0,0",
		  		"item_height": 32,
      			"item_width": 40,
	  			"rows": [
					[ "sandm", "metal", "stonebox", "doom1" ],
					[ "doom2", "labkey", "fuel", "gomode" ],
					[ "knife", "handgun", "magnum", "selfdefgun" ],
					[ "smallkey", "smallkeyused", "shotgun", "assault" ],
					[ "curse", "whistle", "shieldkey", "helmet" ],
					[ "arrow", "chemical", "hook", "music" ],
					[ "eyemask", "mouthmask", "nosemask", "maskbox" ],
					[ "wind", "moon", "star", "sun" ],
					[ "blue", "yellow", "gembox", "battery" ],
					[ "redbook", "cylinder", "square", "hex" ],
					[ "001key", "003key", "gallerykey", "croomkey" ],
					[ "richard", "modisk", "yawn", "plant42" ]
		  		]
			},
			{
				"type": "itemgrid",
	  			"h_alignment": "center",
	  			"item_margin": "0,0",
	  			"item_height": 33,
      			"item_width": 132,
			  	"rows": [
					[ "normal" ]
	  			]
			}
		]
	}
}